Player,Nation,Pos,Age,MP,Starts,Min,90s,Gls,Ast,G+A,G-PK,PK,PKatt,CrdY,CrdR,xG,npxG,xAG,npxG+xAG,PrgC,PrgP,PrgR,Gls,Ast,G+A,G-PK,G+A-PK,xG,xAG,xG+xAG,npxG,npxG+xAG,Matches
Joe Rodon,wls WAL,DF,26.0,46,46,4135.0,45.9,1.0,0.0,1.0,1.0,0.0,0.0,5.0,0.0,1.2,1.2,1.1,2.4,56.0,291.0,5.0,0.02,0.0,0.02,0.02,0.02,0.03,0.02,0.05,0.03,0.05,Matches
Jayden Bogle,eng ENG,DF,24.0,44,44,3824.0,42.5,6.0,4.0,10.0,6.0,0.0,0.0,12.0,0.0,5.3,5.3,6.9,12.3,123.0,193.0,264.0,0.14,0.09,0.24,0.14,0.24,0.13,0.16,0.29,0.13,0.29,Matches
Brenden Aaronson,us USA,MF,23.0,46,43,3551.0,39.5,9.0,2.0,11.0,9.0,0.0,0.0,1.0,0.0,11.3,11.3,5.7,17.0,84.0,160.0,243.0,0.23,0.05,0.28,0.23,0.28,0.29,0.14,0.43,0.29,0.43,Matches
Illan Meslier,fr FRA,GK,24.0,39,39,3510.0,39.0,0.0,0.0,0.0,0.0,0.0,0.0,0.0,0.0,0.0,0.0,0.1,0.1,0.0,0.0,0.0,0.0,0.0,0.0,0.0,0.0,0.0,0.0,0.0,0.0,0.0,Matches
Ao Tanaka,jp JPN,MF,25.0,43,37,3314.0,36.8,5.0,2.0,7.0,5.0,0.0,0.0,8.0,0.0,3.6,3.6,2.6,6.2,38.0,259.0,43.0,0.14,0.05,0.19,0.14,0.19,0.1,0.07,0.17,0.1,0.17,Matches
Joël Piroe,nl NED,FW,24.0,46,36,3080.0,34.2,19.0,7.0,26.0,18.0,1.0,1.0,2.0,0.0,16.9,16.2,4.5,20.6,30.0,89.0,166.0,0.56,0.2,0.76,0.53,0.73,0.49,0.13,0.63,0.47,0.6,Matches
Pascal Struijk,nl NED,DF,24.0,35,31,2824.0,31.4,5.0,0.0,5.0,3.0,2.0,3.0,3.0,0.0,5.9,3.5,0.5,4.0,37.0,193.0,11.0,0.16,0.0,0.16,0.1,0.1,0.19,0.02,0.2,0.11,0.13,Matches
Junior Firpo,do DOM,DF,27.0,32,30,2616.0,29.1,4.0,10.0,14.0,4.0,0.0,0.0,7.0,0.0,4.1,4.1,6.6,10.8,66.0,158.0,236.0,0.14,0.34,0.48,0.14,0.48,0.14,0.23,0.37,0.14,0.37,Matches
Daniel James,wls WAL,FW,26.0,36,30,2609.0,29.0,12.0,9.0,21.0,12.0,0.0,0.0,4.0,0.0,10.3,10.3,8.7,19.0,117.0,100.0,301.0,0.41,0.31,0.72,0.41,0.72,0.36,0.3,0.66,0.36,0.66,Matches
Manor Solomon,il ISR,FW,25.0,39,30,2589.0,28.8,10.0,12.0,22.0,10.0,0.0,0.0,3.0,0.0,8.1,8.1,12.0,20.1,144.0,111.0,320.0,0.35,0.42,0.76,0.35,0.76,0.28,0.42,0.7,0.28,0.7,Matches
Ethan Ampadu,wls WAL,"DF,MF",23.0,29,26,2285.0,25.4,0.0,0.0,0.0,0.0,0.0,0.0,7.0,0.0,0.6,0.6,1.5,2.0,26.0,106.0,9.0,0.0,0.0,0.0,0.0,0.0,0.02,0.06,0.08,0.02,0.08,Matches
Wilfried Gnonto,it ITA,FW,20.0,43,26,2276.0,25.3,9.0,6.0,15.0,9.0,0.0,0.0,5.0,0.0,8.3,8.3,5.7,13.9,83.0,124.0,240.0,0.36,0.24,0.59,0.36,0.59,0.33,0.22,0.55,0.33,0.55,Matches
Joe Rothwell,eng ENG,MF,29.0,36,24,2249.0,25.0,0.0,4.0,4.0,0.0,0.0,0.0,2.0,0.0,0.6,0.6,4.6,5.3,41.0,166.0,30.0,0.0,0.16,0.16,0.0,0.16,0.03,0.18,0.21,0.03,0.21,Matches
Ilia Gruev,bg BUL,MF,24.0,23,20,1699.0,18.9,0.0,2.0,2.0,0.0,0.0,0.0,3.0,0.0,1.3,1.3,2.4,3.8,17.0,102.0,22.0,0.0,0.11,0.11,0.0,0.11,0.07,0.13,0.2,0.07,0.2,Matches
Sam Byram,eng ENG,DF,30.0,36,16,1409.0,15.7,1.0,1.0,2.0,1.0,0.0,0.0,4.0,0.0,0.8,0.8,1.0,1.9,25.0,75.0,100.0,0.06,0.06,0.13,0.06,0.13,0.05,0.07,0.12,0.05,0.12,Matches
Mateo Joseph,es ESP,FW,20.0,39,11,1285.0,14.3,3.0,3.0,6.0,3.0,0.0,0.0,0.0,0.0,5.1,5.1,1.9,7.0,20.0,24.0,66.0,0.21,0.21,0.42,0.21,0.42,0.36,0.13,0.49,0.36,0.49,Matches
Largie Ramazani,be BEL,FW,23.0,29,7,797.0,8.9,6.0,2.0,8.0,6.0,0.0,0.0,2.0,0.0,4.7,4.7,1.4,6.1,41.0,38.0,81.0,0.68,0.23,0.9,0.68,0.9,0.53,0.16,0.69,0.53,0.69,Matches
Karl Darlow,wls WAL,GK,33.0,7,7,630.0,7.0,0.0,0.0,0.0,0.0,0.0,0.0,1.0,0.0,0.0,0.0,0.0,0.0,0.0,0.0,0.0,0.0,0.0,0.0,0.0,0.0,0.0,0.0,0.0,0.0,0.0,Matches
Maximilian Wöber,at AUT,DF,26.0,8,2,335.0,3.7,1.0,0.0,1.0,1.0,0.0,0.0,1.0,0.0,0.7,0.7,0.3,1.0,6.0,17.0,34.0,0.27,0.0,0.27,0.27,0.27,0.18,0.09,0.27,0.18,0.27,Matches
Georginio Rutter,fr FRA,"MF,FW",22.0,1,1,90.0,1.0,0.0,1.0,1.0,0.0,0.0,0.0,0.0,0.0,0.1,0.1,0.3,0.4,6.0,6.0,5.0,0.0,1.0,1.0,0.0,1.0,0.14,0.28,0.42,0.14,0.42,Matches
Patrick Bamford,eng ENG,FW,30.0,17,0,252.0,2.8,0.0,0.0,0.0,0.0,0.0,0.0,0.0,0.0,2.2,2.2,0.2,2.3,3.0,7.0,18.0,0.0,0.0,0.0,0.0,0.0,0.79,0.06,0.84,0.79,0.84,Matches
Isaac Schmidt,ch SUI,"FW,DF",24.0,12,0,78.0,0.9,0.0,0.0,0.0,0.0,0.0,0.0,0.0,0.0,0.2,0.2,0.3,0.5,4.0,6.0,14.0,0.0,0.0,0.0,0.0,0.0,0.2,0.37,0.58,0.2,0.58,Matches
Josuha Guilavogui,fr FRA,"MF,DF",33.0,16,0,65.0,0.7,0.0,0.0,0.0,0.0,0.0,0.0,0.0,0.0,0.1,0.1,0.1,0.2,0.0,11.0,2.0,0.0,0.0,0.0,0.0,0.0,0.12,0.1,0.21,0.12,0.21,Matches
Samuel Chambers,eng ENG,FW,16.0,1,0,17.0,0.2,0.0,0.0,0.0,0.0,0.0,0.0,0.0,0.0,0.0,0.0,0.0,0.0,0.0,0.0,2.0,0.0,0.0,0.0,0.0,0.0,0.0,0.0,0.0,0.0,0.0,Matches
Joe Gelhardt,eng ENG,"FW,MF",22.0,2,0,10.0,0.1,0.0,0.0,0.0,0.0,0.0,0.0,0.0,0.0,0.0,0.0,0.0,0.0,0.0,0.0,1.0,0.0,0.0,0.0,0.0,0.0,0.0,0.0,0.0,0.0,0.0,Matches
Charlie Crew,wls WAL,MF,18.0,1,0,5.0,0.1,0.0,0.0,0.0,0.0,0.0,0.0,0.0,0.0,0.0,0.0,0.0,0.0,0.0,0.0,0.0,0.0,0.0,0.0,0.0,0.0,0.49,0.0,0.49,0.49,0.49,Matches
Harry Gray,eng ENG,MF,15.0,1,0,5.0,0.1,0.0,0.0,0.0,0.0,0.0,0.0,0.0,0.0,0.0,0.0,0.0,0.0,0.0,0.0,0.0,0.0,0.0,0.0,0.0,0.0,0.0,0.0,0.0,0.0,0.0,Matches
James Debayo,eng ENG,DF,19.0,1,0,1.0,0.0,0.0,0.0,0.0,0.0,0.0,0.0,0.0,0.0,0.0,0.0,0.0,0.0,0.0,0.0,0.0,0.0,0.0,0.0,0.0,0.0,0.0,0.0,0.0,0.0,0.0,Matches
Alex Cairns,eng ENG,GK,31.0,0,0,,,,,,,,,,,,,,,,,,,,,,,,,,,,Matches
Opponent Total,,,26.0,46,506,4140.0,46.0,26.0,14.0,40.0,23.0,3.0,4.0,85.0,3.0,29.6,26.5,19.9,46.4,479.0,1083.0,1069.0,0.57,0.3,0.87,0.5,0.8,0.64,0.43,1.08,0.58,1.01,
Michael Cooper,eng ENG,GK,24.0,43,43,3870.0,43.0,0.0,0.0,0.0,0.0,0.0,0.0,3.0,0.0,0.0,0.0,0.0,0.0,0.0,0.0,0.0,0.0,0.0,0.0,0.0,0.0,0.0,0.0,0.0,0.0,0.0,Matches
Harrison Burrows,eng ENG,DF,22.0,43,39,3460.0,38.4,5.0,3.0,8.0,3.0,2.0,2.0,2.0,0.0,3.9,2.3,5.8,8.0,65.0,105.0,197.0,0.13,0.08,0.21,0.08,0.16,0.1,0.15,0.25,0.06,0.21,Matches
Callum O'Hare,eng ENG,"MF,FW",26.0,44,38,3139.0,34.9,2.0,6.0,8.0,2.0,0.0,0.0,2.0,0.0,4.7,4.7,5.4,10.1,55.0,127.0,233.0,0.06,0.17,0.23,0.06,0.23,0.13,0.15,0.29,0.13,0.29,Matches
Gustavo Hamer,nl NED,"FW,MF",27.0,41,36,3124.0,34.7,9.0,7.0,16.0,9.0,0.0,0.0,13.0,0.0,5.8,5.8,9.0,14.8,56.0,223.0,166.0,0.26,0.2,0.46,0.26,0.46,0.17,0.26,0.43,0.17,0.43,Matches
Anel Ahmedhodžić,ba BIH,DF,25.0,38,35,3136.0,34.8,3.0,1.0,4.0,3.0,0.0,0.0,11.0,1.0,2.3,2.3,1.3,3.6,39.0,88.0,8.0,0.09,0.03,0.11,0.09,0.11,0.07,0.04,0.1,0.07,0.1,Matches
Sydie Peck,eng ENG,MF,19.0,42,32,2927.0,32.5,0.0,2.0,2.0,0.0,0.0,0.0,6.0,0.0,2.1,2.1,2.7,4.7,33.0,187.0,60.0,0.0,0.06,0.06,0.0,0.06,0.06,0.08,0.15,0.06,0.15,Matches
Vinicius Souza,br BRA,MF,25.0,35,32,2787.0,31.0,0.0,1.0,1.0,0.0,0.0,0.0,8.0,0.0,0.7,0.7,1.4,2.0,21.0,133.0,30.0,0.0,0.03,0.03,0.0,0.03,0.02,0.04,0.07,0.02,0.07,Matches
Jack Robinson,eng ENG,DF,30.0,34,31,2841.0,31.6,0.0,0.0,0.0,0.0,0.0,0.0,9.0,0.0,0.9,0.9,0.5,1.4,14.0,88.0,11.0,0.0,0.0,0.0,0.0,0.0,0.03,0.02,0.05,0.03,0.05,Matches
Alfie Gilchrist,eng ENG,DF,20.0,30,27,2103.0,23.4,0.0,2.0,2.0,0.0,0.0,0.0,5.0,0.0,0.4,0.4,1.4,1.7,32.0,120.0,57.0,0.0,0.09,0.09,0.0,0.09,0.02,0.06,0.07,0.02,0.07,Matches
Jesurun Rak Sakyi,eng ENG,"FW,MF",21.0,34,22,1725.0,19.2,7.0,2.0,9.0,7.0,0.0,0.0,1.0,0.0,6.1,6.1,2.7,8.8,73.0,40.0,155.0,0.37,0.1,0.47,0.37,0.47,0.32,0.14,0.46,0.32,0.46,Matches
Harry Souttar,au AUS,DF,25.0,21,20,1768.0,19.6,0.0,0.0,0.0,0.0,0.0,0.0,5.0,1.0,0.8,0.8,0.0,0.8,5.0,54.0,0.0,0.0,0.0,0.0,0.0,0.0,0.04,0.0,0.04,0.04,0.04,Matches
Tyrese Campbell,eng ENG,FW,24.0,33,20,1580.0,17.6,10.0,1.0,11.0,10.0,0.0,0.0,2.0,0.0,8.2,8.2,2.7,10.8,34.0,24.0,113.0,0.57,0.06,0.63,0.57,0.63,0.47,0.15,0.62,0.47,0.62,Matches
Kieffer Moore,wls WAL,FW,31.0,27,18,1767.0,19.6,5.0,0.0,5.0,4.0,1.0,3.0,1.0,0.0,9.2,6.8,1.4,8.2,19.0,27.0,78.0,0.25,0.0,0.25,0.2,0.2,0.47,0.07,0.54,0.35,0.42,Matches
Rhian Brewster,eng ENG,"MF,FW",24.0,36,16,1558.0,17.3,4.0,3.0,7.0,4.0,0.0,0.0,2.0,0.0,4.3,4.3,3.0,7.3,19.0,59.0,72.0,0.23,0.17,0.4,0.23,0.4,0.25,0.17,0.42,0.25,0.42,Matches
Hamza Choudhury,bd BAN,"MF,DF",26.0,16,13,1105.0,12.3,0.0,0.0,0.0,0.0,0.0,0.0,2.0,0.0,0.2,0.2,0.0,0.3,3.0,43.0,10.0,0.0,0.0,0.0,0.0,0.0,0.02,0.0,0.02,0.02,0.02,Matches
Ben Brereton,cl CHI,"FW,MF",25.0,17,13,984.0,10.9,4.0,3.0,7.0,4.0,0.0,0.0,4.0,0.0,4.2,4.2,1.4,5.6,25.0,36.0,60.0,0.37,0.27,0.64,0.37,0.64,0.38,0.13,0.51,0.38,0.51,Matches
Oliver Arblaster,eng ENG,MF,20.0,12,11,978.0,10.9,2.0,1.0,3.0,2.0,0.0,0.0,3.0,0.0,0.7,0.7,1.3,2.0,14.0,84.0,19.0,0.18,0.09,0.28,0.18,0.28,0.07,0.12,0.19,0.07,0.19,Matches
Andre Brooks,eng ENG,"FW,MF",20.0,22,10,951.0,10.6,3.0,2.0,5.0,3.0,0.0,0.0,3.0,0.0,2.7,2.7,2.5,5.3,28.0,18.0,106.0,0.28,0.19,0.47,0.28,0.47,0.26,0.24,0.5,0.26,0.5,Matches
Sam McCallum,eng ENG,"DF,MF",23.0,33,9,1057.0,11.7,2.0,0.0,2.0,2.0,0.0,0.0,1.0,0.0,1.5,1.5,0.6,2.1,12.0,38.0,54.0,0.17,0.0,0.17,0.17,0.17,0.13,0.05,0.18,0.13,0.18,Matches
Femi Seriki,eng ENG,DF,22.0,25,8,1091.0,12.1,0.0,1.0,1.0,0.0,0.0,0.0,2.0,0.0,0.5,0.5,1.4,1.9,43.0,31.0,72.0,0.0,0.08,0.08,0.0,0.08,0.04,0.11,0.15,0.04,0.15,Matches
Thomas Cannon,ie IRL,FW,21.0,15,7,682.0,7.6,1.0,1.0,2.0,1.0,0.0,0.0,0.0,0.0,1.7,1.7,1.1,2.8,5.0,3.0,36.0,0.13,0.13,0.26,0.13,0.26,0.22,0.15,0.37,0.22,0.37,Matches
Tom Davies,eng ENG,MF,26.0,13,6,673.0,7.5,1.0,1.0,2.0,1.0,0.0,0.0,4.0,0.0,1.0,1.0,0.2,1.3,13.0,38.0,19.0,0.13,0.13,0.27,0.13,0.27,0.14,0.03,0.17,0.14,0.17,Matches
Harry Clarke,eng ENG,DF,23.0,6,6,472.0,5.2,0.0,0.0,0.0,0.0,0.0,0.0,3.0,0.0,0.2,0.2,0.3,0.4,7.0,21.0,11.0,0.0,0.0,0.0,0.0,0.0,0.03,0.05,0.09,0.03,0.09,Matches
Rob Holding,eng ENG,DF,28.0,10,4,420.0,4.7,0.0,1.0,1.0,0.0,0.0,0.0,1.0,0.0,0.3,0.3,0.7,1.0,0.0,20.0,1.0,0.0,0.21,0.21,0.0,0.21,0.06,0.16,0.21,0.06,0.21,Matches
Adam Davies,wls WAL,GK,32.0,3,3,270.0,3.0,0.0,0.0,0.0,0.0,0.0,0.0,0.0,0.0,0.0,0.0,0.0,0.0,0.0,0.0,0.0,0.0,0.0,0.0,0.0,0.0,0.0,0.0,0.0,0.0,0.0,Matches
Ryan One,sct SCO,FW,18.0,12,2,292.0,3.2,1.0,0.0,1.0,1.0,0.0,0.0,2.0,0.0,1.0,1.0,0.2,1.2,5.0,3.0,18.0,0.31,0.0,0.31,0.31,0.31,0.3,0.06,0.35,0.3,0.35,Matches
Jamie Shackleton,eng ENG,"DF,FW",24.0,12,2,291.0,3.2,0.0,0.0,0.0,0.0,0.0,0.0,0.0,0.0,0.3,0.3,0.1,0.3,3.0,12.0,14.0,0.0,0.0,0.0,0.0,0.0,0.09,0.02,0.11,0.09,0.11,Matches
Rhys Norrington-Davies,wls WAL,DF,25.0,14,2,251.0,2.8,0.0,0.0,0.0,0.0,0.0,0.0,1.0,0.0,0.0,0.0,0.1,0.1,7.0,6.0,7.0,0.0,0.0,0.0,0.0,0.0,0.01,0.03,0.05,0.01,0.05,Matches
Auston Trusty,us USA,DF,25.0,1,1,90.0,1.0,0.0,0.0,0.0,0.0,0.0,0.0,0.0,0.0,0.0,0.0,0.0,0.0,1.0,2.0,0.0,0.0,0.0,0.0,0.0,0.0,0.0,0.0,0.0,0.0,0.0,Matches
Anis Ben Slimane,tn TUN,MF,23.0,3,0,46.0,0.5,0.0,0.0,0.0,0.0,0.0,0.0,0.0,0.0,0.0,0.0,0.1,0.1,3.0,2.0,6.0,0.0,0.0,0.0,0.0,0.0,0.0,0.15,0.15,0.0,0.15,Matches
Jamal Baptiste,eng ENG,DF,20.0,1,0,7.0,0.1,0.0,0.0,0.0,0.0,0.0,0.0,0.0,0.0,0.0,0.0,0.0,0.0,0.0,0.0,0.0,0.0,0.0,0.0,0.0,0.0,0.0,0.0,0.0,0.0,0.0,Matches
Billy Blacker,eng ENG,MF,18.0,1,0,1.0,0.0,0.0,0.0,0.0,0.0,0.0,0.0,0.0,0.0,0.0,0.0,0.0,0.0,0.0,0.0,0.0,0.0,0.0,0.0,0.0,0.0,0.0,0.0,0.0,0.0,0.0,Matches
Sai Sachdev,eng ENG,DF,19.0,1,0,1.0,0.0,0.0,0.0,0.0,0.0,0.0,0.0,0.0,0.0,0.0,0.0,0.0,0.0,0.0,0.0,0.0,0.0,0.0,0.0,0.0,0.0,0.0,0.0,0.0,0.0,0.0,Matches
Harry Boyes,eng ENG,MF,22.0,0,0,,,,,,,,,,,,,,,,,,,,,,,,,,,,Matches
Jefferson Cáceres,pe PER,FW,21.0,0,0,,,,,,,,,,,,,,,,,,,,,,,,,,,,Matches
Ismaila Cheick Coulibaly,ml MLI,MF,23.0,0,0,,,,,,,,,,,,,,,,,,,,,,,,,,,,Matches
Sam Colechin,,DF,,0,0,,,,,,,,,,,,,,,,,,,,,,,,,,,,Matches
Luke Faxon,eng ENG,GK,19.0,0,0,,,,,,,,,,,,,,,,,,,,,,,,,,,,Matches
Ivo Grbić,hr CRO,GK,28.0,0,0,,,,,,,,,,,,,,,,,,,,,,,,,,,,Matches
Owen Hampson,eng ENG,MF,19.0,0,0,,,,,,,,,,,,,,,,,,,,,,,,,,,,Matches
Louie Marsh,eng ENG,FW,20.0,0,0,,,,,,,,,,,,,,,,,,,,,,,,,,,,Matches
Opponent Total,,,26.0,46,506,4140.0,46.0,35.0,24.0,59.0,31.0,4.0,5.0,89.0,4.0,46.1,42.1,31.2,73.3,712.0,1510.0,1488.0,0.76,0.52,1.28,0.67,1.2,1.0,0.68,1.68,0.92,1.59,
Maxime Estève,fr FRA,DF,22.0,46,46,4055.0,45.1,1.0,0.0,1.0,1.0,0.0,0.0,3.0,0.0,0.9,0.9,0.1,1.0,19.0,140.0,2.0,0.02,0.0,0.02,0.02,0.02,0.02,0.0,0.02,0.02,0.02,Matches
James Trafford,eng ENG,GK,21.0,45,45,4050.0,45.0,0.0,0.0,0.0,0.0,0.0,0.0,7.0,0.0,0.0,0.0,0.1,0.1,0.0,2.0,0.0,0.0,0.0,0.0,0.0,0.0,0.0,0.0,0.0,0.0,0.0,Matches
Josh Cullen,ie IRL,MF,28.0,44,43,3801.0,42.2,2.0,3.0,5.0,2.0,0.0,0.0,11.0,0.0,1.7,1.7,2.6,4.3,23.0,218.0,53.0,0.05,0.07,0.12,0.05,0.12,0.04,0.06,0.1,0.04,0.1,Matches
Jaidon Anthony,eng ENG,"FW,MF",24.0,43,42,3661.0,40.7,8.0,7.0,15.0,8.0,0.0,0.0,4.0,0.0,9.4,9.4,8.0,17.3,184.0,159.0,375.0,0.2,0.17,0.37,0.2,0.37,0.23,0.2,0.43,0.23,0.43,Matches
Connor Roberts,wls WAL,DF,28.0,41,40,3636.0,40.4,2.0,3.0,5.0,2.0,0.0,0.0,4.0,0.0,2.5,2.5,2.4,4.9,49.0,238.0,98.0,0.05,0.07,0.12,0.05,0.12,0.06,0.06,0.12,0.06,0.12,Matches
CJ Egan-Riley,eng ENG,DF,21.0,41,40,3601.0,40.0,1.0,1.0,2.0,1.0,0.0,0.0,7.0,1.0,1.0,1.0,0.6,1.7,26.0,129.0,9.0,0.02,0.02,0.05,0.02,0.05,0.03,0.02,0.04,0.03,0.04,Matches
Josh Brownhill,eng ENG,"MF,FW",28.0,42,39,3474.0,38.6,18.0,6.0,24.0,15.0,3.0,3.0,5.0,0.0,9.9,7.5,4.4,12.0,33.0,165.0,145.0,0.47,0.16,0.62,0.39,0.54,0.26,0.12,0.37,0.19,0.31,Matches
Lucas,br BRA,DF,23.0,34,32,2794.0,31.0,0.0,2.0,2.0,0.0,0.0,0.0,7.0,0.0,1.0,1.0,2.0,3.1,65.0,106.0,131.0,0.0,0.06,0.06,0.0,0.06,0.03,0.07,0.1,0.03,0.1,Matches
Zian Flemming,nl NED,FW,25.0,35,28,2424.0,26.9,12.0,4.0,16.0,12.0,0.0,0.0,3.0,0.0,9.1,9.1,3.6,12.7,19.0,38.0,90.0,0.45,0.15,0.59,0.45,0.59,0.34,0.13,0.47,0.34,0.47,Matches
Josh Laurent,eng ENG,MF,29.0,42,25,2451.0,27.2,2.0,2.0,4.0,2.0,0.0,0.0,4.0,0.0,3.1,3.1,3.2,6.3,38.0,109.0,89.0,0.07,0.07,0.15,0.07,0.15,0.12,0.12,0.23,0.12,0.23,Matches
Hannibal Mejbri,tn TUN,"MF,FW",21.0,37,23,1924.0,21.4,1.0,4.0,5.0,1.0,0.0,0.0,8.0,1.0,2.6,2.6,3.2,5.8,46.0,95.0,121.0,0.05,0.19,0.23,0.05,0.23,0.12,0.15,0.27,0.12,0.27,Matches
Bashir Humphreys,eng ENG,DF,21.0,25,20,1777.0,19.7,1.0,2.0,3.0,1.0,0.0,0.0,3.0,1.0,0.6,0.6,0.8,1.4,36.0,87.0,55.0,0.05,0.1,0.15,0.05,0.15,0.03,0.04,0.07,0.03,0.07,Matches
Luca Koleosho,it ITA,"FW,MF",19.0,28,20,1677.0,18.6,2.0,0.0,2.0,2.0,0.0,0.0,4.0,0.0,1.9,1.9,2.4,4.3,84.0,66.0,185.0,0.11,0.0,0.11,0.11,0.11,0.1,0.13,0.23,0.1,0.23,Matches
Lyle Foster,za RSA,FW,23.0,28,17,1590.0,17.7,2.0,5.0,7.0,2.0,0.0,0.0,4.0,0.0,4.4,4.4,2.7,7.1,41.0,37.0,103.0,0.11,0.28,0.4,0.11,0.4,0.25,0.15,0.4,0.25,0.4,Matches
Marcus Edwards,eng ENG,"FW,MF",25.0,14,12,936.0,10.4,1.0,1.0,2.0,1.0,0.0,0.0,1.0,0.0,1.7,1.7,2.2,3.8,49.0,50.0,108.0,0.1,0.1,0.19,0.1,0.19,0.16,0.21,0.37,0.16,0.37,Matches
Jeremy Sarmiento,ec ECU,"FW,MF",22.0,35,11,1166.0,13.0,4.0,0.0,4.0,4.0,0.0,0.0,4.0,0.0,3.0,3.0,0.7,3.7,47.0,38.0,67.0,0.31,0.0,0.31,0.31,0.31,0.23,0.06,0.29,0.23,0.29,Matches
Jay Rodriguez,eng ENG,FW,35.0,20,8,747.0,8.3,2.0,0.0,2.0,1.0,1.0,1.0,1.0,0.0,2.5,1.7,0.3,2.1,2.0,11.0,24.0,0.24,0.0,0.24,0.12,0.12,0.3,0.04,0.34,0.21,0.25,Matches
Joe Worrall,eng ENG,DF,27.0,9,3,285.0,3.2,0.0,1.0,1.0,0.0,0.0,0.0,1.0,0.0,0.3,0.3,0.2,0.5,0.0,15.0,1.0,0.0,0.32,0.32,0.0,0.32,0.09,0.08,0.16,0.09,0.16,Matches
Vitinho,br BRA,"MF,FW",25.0,3,3,235.0,2.6,1.0,1.0,2.0,1.0,0.0,0.0,0.0,0.0,0.4,0.4,0.5,0.9,5.0,6.0,9.0,0.38,0.38,0.77,0.38,0.77,0.14,0.2,0.34,0.14,0.34,Matches
Andreas Hountondji,bj BEN,"FW,MF",22.0,9,2,209.0,2.3,0.0,0.0,0.0,0.0,0.0,0.0,0.0,0.0,0.9,0.9,0.0,0.9,3.0,2.0,10.0,0.0,0.0,0.0,0.0,0.0,0.37,0.0,0.37,0.37,0.37,Matches
Dara O'Shea,ie IRL,DF,25.0,2,2,180.0,2.0,1.0,0.0,1.0,1.0,0.0,0.0,0.0,0.0,0.1,0.1,0.0,0.2,0.0,1.0,0.0,0.5,0.0,0.5,0.5,0.5,0.06,0.02,0.08,0.06,0.08,Matches
John Egan,ie IRL,DF,31.0,7,1,165.0,1.8,0.0,0.0,0.0,0.0,0.0,0.0,0.0,0.0,0.0,0.0,0.0,0.0,0.0,4.0,0.0,0.0,0.0,0.0,0.0,0.0,0.0,0.01,0.01,0.0,0.01,Matches
Ashley Barnes,eng ENG,"FW,MF",34.0,13,1,134.0,1.5,1.0,1.0,2.0,1.0,0.0,0.0,1.0,0.0,0.9,0.9,0.3,1.2,1.0,3.0,5.0,0.67,0.67,1.34,0.67,1.34,0.61,0.23,0.84,0.61,0.84,Matches
Han-Noah Massengo,fr FRA,MF,23.0,8,1,97.0,1.1,0.0,1.0,1.0,0.0,0.0,0.0,1.0,0.0,0.2,0.2,0.1,0.3,0.0,2.0,2.0,0.0,0.93,0.93,0.0,0.93,0.22,0.08,0.3,0.22,0.3,Matches
Václav Hladký,cz CZE,GK,33.0,1,1,90.0,1.0,0.0,0.0,0.0,0.0,0.0,0.0,0.0,0.0,0.0,0.0,0.0,0.0,0.0,0.0,0.0,0.0,0.0,0.0,0.0,0.0,0.0,0.0,0.0,0.0,0.0,Matches
Wilson Odobert,fr FRA,MF,19.0,1,1,89.0,1.0,1.0,0.0,1.0,1.0,0.0,0.0,0.0,0.0,0.6,0.6,0.2,0.8,3.0,3.0,7.0,1.01,0.0,1.01,1.01,1.01,0.58,0.21,0.79,0.58,0.79,Matches
Enock Agyei,be BEL,"FW,MF",19.0,3,0,58.0,0.6,0.0,0.0,0.0,0.0,0.0,0.0,0.0,0.0,0.1,0.1,0.0,0.1,8.0,5.0,12.0,0.0,0.0,0.0,0.0,0.0,0.08,0.08,0.16,0.08,0.16,Matches
Benson Manuel,ao ANG,"MF,FW",27.0,3,0,46.0,0.5,1.0,0.0,1.0,1.0,0.0,0.0,1.0,0.0,0.1,0.1,0.0,0.1,5.0,4.0,11.0,1.96,0.0,1.96,1.96,1.96,0.2,0.0,0.2,0.2,0.2,Matches
Zeki Amdouni,ch SUI,MF,23.0,2,0,35.0,0.4,1.0,0.0,1.0,1.0,0.0,0.0,0.0,0.0,0.0,0.0,0.0,0.0,1.0,2.0,1.0,2.57,0.0,2.57,2.57,2.57,0.09,0.0,0.09,0.09,0.09,Matches
Oliver Sonne,pe PER,DF,23.0,2,0,25.0,0.3,0.0,0.0,0.0,0.0,0.0,0.0,0.0,0.0,0.0,0.0,0.2,0.2,1.0,1.0,2.0,0.0,0.0,0.0,0.0,0.0,0.0,0.62,0.62,0.0,0.62,Matches
Wout Weghorst,nl NED,FW,31.0,2,0,25.0,0.3,0.0,0.0,0.0,0.0,0.0,0.0,0.0,0.0,0.0,0.0,0.0,0.0,0.0,0.0,1.0,0.0,0.0,0.0,0.0,0.0,0.0,0.0,0.0,0.0,0.0,Matches
Anass Zaroury,ma MAR,"FW,MF",23.0,1,0,25.0,0.3,0.0,0.0,0.0,0.0,0.0,0.0,0.0,0.0,0.0,0.0,0.0,0.0,3.0,0.0,2.0,0.0,0.0,0.0,0.0,0.0,0.0,0.0,0.0,0.0,0.0,Matches
Shurandy Sambo,nl NED,MF,22.0,1,0,19.0,0.2,0.0,0.0,0.0,0.0,0.0,0.0,0.0,0.0,0.0,0.0,0.0,0.0,2.0,0.0,5.0,0.0,0.0,0.0,0.0,0.0,0.0,0.0,0.0,0.0,0.0,Matches
Jóhann Berg Guðmundsson,is ISL,MF,33.0,1,0,16.0,0.2,1.0,0.0,1.0,1.0,0.0,0.0,0.0,0.0,0.1,0.1,0.0,0.1,0.0,1.0,0.0,5.63,0.0,5.63,5.63,5.63,0.45,0.0,0.45,0.45,0.45,Matches
Nathan Redmond,eng ENG,FW,30.0,2,0,14.0,0.2,0.0,1.0,1.0,0.0,0.0,0.0,0.0,0.0,0.0,0.0,0.2,0.2,1.0,2.0,3.0,0.0,6.43,6.43,0.0,6.43,0.0,1.28,1.28,0.0,1.28,Matches
Jonjo Shelvey,eng ENG,"MF,FW",32.0,2,0,12.0,0.1,0.0,0.0,0.0,0.0,0.0,0.0,0.0,0.0,0.0,0.0,0.4,0.4,0.0,0.0,0.0,0.0,0.0,0.0,0.0,0.0,0.0,3.13,3.13,0.0,3.13,Matches
Aaron Ramsey,eng ENG,MF,21.0,1,0,7.0,0.1,0.0,0.0,0.0,0.0,0.0,0.0,0.0,0.0,0.0,0.0,0.0,0.0,0.0,0.0,1.0,0.0,0.0,0.0,0.0,0.0,0.0,0.0,0.0,0.0,0.0,Matches
Luke McNally,ie IRL,"DF,MF",24.0,2,0,4.0,0.0,0.0,0.0,0.0,0.0,0.0,0.0,0.0,0.0,0.0,0.0,0.0,0.0,0.0,0.0,0.0,0.0,0.0,0.0,0.0,0.0,0.0,0.0,0.0,0.0,0.0,Matches
Jaydon Amauri Banel,nl NED,"FW,MF",19.0,0,0,,,,,,,,,,,,,,,,,,,,,,,,,,,,Matches
Hannes Delcroix,be BEL,DF,25.0,0,0,,,,,,,,,,,,,,,,,,,,,,,,,,,,Matches
Owen Dodgson,eng ENG,"DF,MF",21.0,0,0,,,,,,,,,,,,,,,,,,,,,,,,,,,,Matches
Hjalmar Ekdal,se SWE,DF,25.0,0,0,,,,,,,,,,,,,,,,,,,,,,,,,,,,Matches
Etienne Green,eng ENG,GK,24.0,0,0,,,,,,,,,,,,,,,,,,,,,,,,,,,,Matches
Will Hugill,eng ENG,MF,20.0,0,0,,,,,,,,,,,,,,,,,,,,,,,,,,,,Matches
Vernon Masara,eng ENG,MF,17.0,0,0,,,,,,,,,,,,,,,,,,,,,,,,,,,,Matches
Tommy McDermott,eng ENG,MF,19.0,0,0,,,,,,,,,,,,,,,,,,,,,,,,,,,,Matches
Scott Twine,eng ENG,"FW,MF",25.0,0,0,,,,,,,,,,,,,,,,,,,,,,,,,,,,Matches
Opponent Total,,,25.6,46,506,4140.0,46.0,16.0,13.0,29.0,16.0,0.0,2.0,101.0,5.0,39.1,37.5,28.6,66.1,557.0,1200.0,1178.0,0.35,0.28,0.63,0.35,0.63,0.85,0.62,1.47,0.81,1.44,
Luke O'Nien,eng ENG,DF,29.0,45,44,3934.0,43.7,3.0,1.0,4.0,3.0,0.0,1.0,9.0,0.0,3.3,2.5,1.0,3.5,45.0,229.0,26.0,0.07,0.02,0.09,0.07,0.09,0.08,0.02,0.1,0.06,0.08,Matches
Dan Neil,eng ENG,MF,22.0,44,44,3877.0,43.1,2.0,3.0,5.0,2.0,0.0,0.0,4.0,1.0,0.8,0.8,2.1,3.0,49.0,253.0,51.0,0.05,0.07,0.12,0.05,0.12,0.02,0.05,0.07,0.02,0.07,Matches
Trai Hume,nir NIR,DF,22.0,44,43,3810.0,42.3,3.0,6.0,9.0,3.0,0.0,0.0,11.0,1.0,2.0,2.0,7.2,9.3,63.0,217.0,139.0,0.07,0.14,0.21,0.07,0.21,0.05,0.17,0.22,0.05,0.22,Matches
Anthony Patterson,eng ENG,GK,24.0,42,42,3780.0,42.0,0.0,0.0,0.0,0.0,0.0,0.0,3.0,0.0,0.0,0.0,0.0,0.0,0.0,0.0,0.0,0.0,0.0,0.0,0.0,0.0,0.0,0.0,0.0,0.0,0.0,Matches
Jobe Bellingham,eng ENG,MF,18.0,40,39,3507.0,39.0,4.0,3.0,7.0,4.0,0.0,0.0,10.0,1.0,3.0,3.0,2.9,5.9,52.0,193.0,103.0,0.1,0.08,0.18,0.1,0.18,0.08,0.07,0.15,0.08,0.15,Matches
Patrick Roberts,eng ENG,"FW,MF",27.0,45,38,3280.0,36.4,2.0,7.0,9.0,1.0,1.0,2.0,8.0,0.0,5.7,4.2,5.3,9.4,125.0,178.0,272.0,0.05,0.19,0.25,0.03,0.22,0.16,0.14,0.3,0.11,0.26,Matches
Chris Mepham,wls WAL,DF,26.0,38,37,3273.0,36.4,1.0,0.0,1.0,1.0,0.0,0.0,10.0,1.0,1.7,1.7,0.6,2.3,41.0,145.0,5.0,0.03,0.0,0.03,0.03,0.03,0.05,0.02,0.06,0.05,0.06,Matches
Chris Rigg,eng ENG,"MF,FW",17.0,42,36,3055.0,33.9,4.0,1.0,5.0,4.0,0.0,0.0,8.0,0.0,5.8,5.8,3.0,8.8,48.0,127.0,179.0,0.12,0.03,0.15,0.12,0.15,0.17,0.09,0.26,0.17,0.26,Matches
Wilson Isidor,fr FRA,FW,23.0,43,34,3112.0,34.6,12.0,2.0,14.0,12.0,0.0,2.0,9.0,0.0,15.2,13.7,3.8,17.4,35.0,23.0,128.0,0.35,0.06,0.4,0.35,0.4,0.44,0.11,0.55,0.39,0.5,Matches
Dennis Cirkin,eng ENG,DF,22.0,36,30,2740.0,30.4,3.0,2.0,5.0,3.0,0.0,0.0,6.0,0.0,2.0,2.0,2.1,4.0,73.0,127.0,135.0,0.1,0.07,0.16,0.1,0.16,0.07,0.07,0.13,0.07,0.13,Matches
Eliezer Mayenda,es ESP,"FW,MF",19.0,37,22,2155.0,23.9,8.0,5.0,13.0,8.0,0.0,0.0,2.0,0.0,9.7,9.7,3.8,13.5,82.0,32.0,157.0,0.33,0.21,0.54,0.33,0.54,0.41,0.16,0.56,0.41,0.56,Matches
Romaine Mundle,eng ENG,"FW,MF",21.0,22,17,1433.0,15.9,5.0,2.0,7.0,5.0,0.0,0.0,1.0,0.0,2.2,2.2,1.4,3.7,100.0,44.0,179.0,0.31,0.13,0.44,0.31,0.44,0.14,0.09,0.23,0.14,0.23,Matches
Alan Browne,ie IRL,"MF,DF",29.0,22,13,1212.0,13.5,1.0,0.0,1.0,1.0,0.0,0.0,1.0,0.0,1.4,1.4,0.4,1.8,16.0,29.0,52.0,0.07,0.0,0.07,0.07,0.07,0.11,0.03,0.13,0.11,0.13,Matches
Daniel Ballard,nir NIR,DF,24.0,20,12,1127.0,12.5,2.0,1.0,3.0,2.0,0.0,0.0,3.0,0.0,1.4,1.4,0.3,1.7,8.0,51.0,5.0,0.16,0.08,0.24,0.16,0.24,0.11,0.03,0.13,0.11,0.13,Matches
Enzo Le Fée,fr FRA,"FW,MF",24.0,15,11,1001.0,11.1,1.0,1.0,2.0,1.0,0.0,0.0,2.0,0.0,0.9,0.9,2.3,3.2,47.0,51.0,106.0,0.09,0.09,0.18,0.09,0.18,0.08,0.21,0.29,0.08,0.29,Matches
Tom Watson,eng ENG,"FW,MF",18.0,20,11,891.0,9.9,2.0,0.0,2.0,2.0,0.0,0.0,2.0,0.0,1.9,1.9,0.9,2.8,50.0,27.0,90.0,0.2,0.0,0.2,0.2,0.2,0.19,0.09,0.28,0.19,0.28,Matches
Ajibola Alese,eng ENG,DF,23.0,12,8,703.0,7.8,0.0,0.0,0.0,0.0,0.0,0.0,2.0,0.0,0.5,0.5,0.5,1.0,3.0,29.0,19.0,0.0,0.0,0.0,0.0,0.0,0.06,0.06,0.12,0.06,0.12,Matches
Leo Fuhr Hjelde,no NOR,DF,20.0,15,5,410.0,4.6,0.0,1.0,1.0,0.0,0.0,0.0,3.0,0.0,0.0,0.0,0.2,0.2,3.0,22.0,16.0,0.0,0.22,0.22,0.0,0.22,0.0,0.03,0.03,0.0,0.03,Matches
Simon Moore,eng ENG,GK,34.0,4,4,360.0,4.0,0.0,0.0,0.0,0.0,0.0,0.0,1.0,0.0,0.0,0.0,0.0,0.0,0.0,0.0,0.0,0.0,0.0,0.0,0.0,0.0,0.0,0.0,0.0,0.0,0.0,Matches
Adil Aouchiche,fr FRA,"FW,MF",22.0,8,3,296.0,3.3,0.0,1.0,1.0,0.0,0.0,0.0,0.0,0.0,0.5,0.5,1.6,2.1,13.0,14.0,56.0,0.0,0.3,0.3,0.0,0.3,0.15,0.48,0.63,0.15,0.63,Matches
Milan Aleksić,rs SRB,"MF,FW",18.0,8,3,290.0,3.2,0.0,0.0,0.0,0.0,0.0,0.0,1.0,0.0,0.8,0.8,0.3,1.1,11.0,6.0,29.0,0.0,0.0,0.0,0.0,0.0,0.25,0.1,0.35,0.25,0.35,Matches
Salis Abdul Samed,gh GHA,MF,24.0,10,3,283.0,3.1,0.0,0.0,0.0,0.0,0.0,0.0,0.0,0.0,0.0,0.0,0.0,0.0,5.0,15.0,10.0,0.0,0.0,0.0,0.0,0.0,0.0,0.01,0.01,0.0,0.01,Matches
Aaron Connolly,ie IRL,"FW,MF",24.0,10,2,246.0,2.7,1.0,0.0,1.0,1.0,0.0,0.0,0.0,0.0,0.7,0.7,0.0,0.7,0.0,1.0,9.0,0.37,0.0,0.37,0.37,0.37,0.25,0.0,0.25,0.25,0.25,Matches
Jack Clarke,eng ENG,FW,23.0,2,2,179.0,2.0,1.0,1.0,2.0,1.0,0.0,0.0,0.0,0.0,0.1,0.1,1.1,1.2,6.0,3.0,13.0,0.5,0.5,1.01,0.5,1.01,0.05,0.56,0.61,0.05,0.61,Matches
Harrison Jones,eng ENG,MF,19.0,4,2,132.0,1.5,0.0,0.0,0.0,0.0,0.0,0.0,1.0,0.0,0.1,0.1,0.3,0.4,2.0,6.0,10.0,0.0,0.0,0.0,0.0,0.0,0.08,0.17,0.26,0.08,0.26,Matches
Joe Anderson,eng ENG,DF,23.0,2,1,99.0,1.1,0.0,0.0,0.0,0.0,0.0,0.0,1.0,0.0,0.0,0.0,0.0,0.0,4.0,9.0,6.0,0.0,0.0,0.0,0.0,0.0,0.0,0.0,0.0,0.0,0.0,Matches
Ian Poveda,eng ENG,"FW,MF",24.0,6,0,86.0,1.0,0.0,0.0,0.0,0.0,0.0,0.0,2.0,0.0,0.1,0.1,0.2,0.2,5.0,4.0,15.0,0.0,0.0,0.0,0.0,0.0,0.06,0.17,0.23,0.06,0.23,Matches
Nazariy Rusyn,ua UKR,FW,25.0,8,0,72.0,0.8,0.0,0.0,0.0,0.0,0.0,0.0,1.0,0.0,0.0,0.0,0.0,0.0,2.0,1.0,4.0,0.0,0.0,0.0,0.0,0.0,0.0,0.02,0.02,0.0,0.02,Matches
Jenson Seelt,nl NED,DF,21.0,1,0,22.0,0.2,0.0,0.0,0.0,0.0,0.0,0.0,0.0,0.0,0.0,0.0,0.0,0.0,0.0,1.0,0.0,0.0,0.0,0.0,0.0,0.0,0.0,0.0,0.0,0.0,0.0,Matches
Nectarios Triantis,au AUS,FW,21.0,1,0,1.0,0.0,0.0,0.0,0.0,0.0,0.0,0.0,0.0,0.0,0.0,0.0,0.0,0.0,0.0,0.0,0.0,0.0,0.0,0.0,0.0,0.0,0.0,0.0,0.0,0.0,0.0,Matches
Abdoullah Ba,fr FRA,MF,21.0,0,0,,,,,,,,,,,,,,,,,,,,,,,,,,,,Matches
Oliver Bainbridge,eng ENG,DF,19.0,0,0,,,,,,,,,,,,,,,,,,,,,,,,,,,,Matches
Ben Crompton,eng ENG,DF,20.0,0,0,,,,,,,,,,,,,,,,,,,,,,,,,,,,Matches
Pierre Ekwah Elimby,fr FRA,MF,22.0,0,0,,,,,,,,,,,,,,,,,,,,,,,,,,,,Matches
Zac Johnson,eng ENG,DF,20.0,0,0,,,,,,,,,,,,,,,,,,,,,,,,,,,,Matches
Thomas Lavery,eng ENG,DF,18.0,0,0,,,,,,,,,,,,,,,,,,,,,,,,,,,,Matches
Ben Middlemas,eng ENG,MF,19.0,0,0,,,,,,,,,,,,,,,,,,,,,,,,,,,,Matches
Blondy Noukeu,cm CMR,GK,22.0,0,0,,,,,,,,,,,,,,,,,,,,,,,,,,,,Matches
Trey Ogunsuyi,eng ENG,FW,17.0,0,0,,,,,,,,,,,,,,,,,,,,,,,,,,,,Matches
Timur Tuterov,ua UKR,FW,19.0,0,0,,,,,,,,,,,,,,,,,,,,,,,,,,,,Matches
Opponent Total,,,25.8,46,506,4140.0,46.0,39.0,22.0,61.0,35.0,4.0,5.0,107.0,3.0,49.0,45.3,34.6,79.9,629.0,1503.0,1489.0,0.85,0.48,1.33,0.76,1.24,1.07,0.75,1.82,0.99,1.74,
Milan van Ewijk,nl NED,DF,23.0,45,45,4010.0,44.6,2.0,2.0,4.0,2.0,0.0,0.0,1.0,0.0,2.1,2.1,5.8,8.0,99.0,151.0,207.0,0.04,0.04,0.09,0.04,0.09,0.05,0.13,0.18,0.05,0.18,Matches
Jack Rudoni,eng ENG,MF,24.0,43,40,3502.0,38.9,9.0,12.0,21.0,9.0,0.0,0.0,3.0,0.0,7.6,7.6,9.0,16.6,117.0,194.0,260.0,0.23,0.31,0.54,0.23,0.54,0.19,0.23,0.43,0.19,0.43,Matches
Bobby Thomas,eng ENG,DF,,38,37,3334.0,37.0,5.0,0.0,5.0,5.0,0.0,0.0,4.0,0.0,4.7,4.7,0.7,5.5,21.0,132.0,9.0,0.13,0.0,0.13,0.13,0.13,0.13,0.02,0.15,0.13,0.15,Matches
Tatsuhiro Sakamoto,jp JPN,"FW,MF",27.0,42,30,2587.0,28.7,4.0,6.0,10.0,4.0,0.0,0.0,4.0,0.0,3.1,3.1,4.2,7.3,71.0,84.0,204.0,0.14,0.21,0.35,0.14,0.35,0.11,0.15,0.26,0.11,0.26,Matches
Joël Latibeaudière,jm JAM,DF,24.0,33,29,2574.0,28.6,0.0,0.0,0.0,0.0,0.0,0.0,5.0,0.0,0.9,0.9,1.4,2.3,16.0,81.0,10.0,0.0,0.0,0.0,0.0,0.0,0.03,0.05,0.08,0.03,0.08,Matches
Oliver Dovin,se SWE,GK,22.0,28,28,2467.0,27.4,0.0,0.0,0.0,0.0,0.0,0.0,1.0,0.0,0.0,0.0,0.0,0.0,0.0,0.0,0.0,0.0,0.0,0.0,0.0,0.0,0.0,0.0,0.0,0.0,0.0,Matches
Ellis Simms,eng ENG,FW,23.0,43,26,2286.0,25.4,6.0,2.0,8.0,6.0,0.0,1.0,1.0,0.0,10.0,9.2,2.5,11.7,26.0,18.0,114.0,0.24,0.08,0.31,0.24,0.31,0.39,0.1,0.49,0.36,0.46,Matches
Liam Kitching,eng ENG,DF,24.0,27,26,2284.0,25.4,0.0,1.0,1.0,0.0,0.0,0.0,7.0,0.0,1.5,1.5,1.3,2.8,17.0,90.0,8.0,0.0,0.04,0.04,0.0,0.04,0.06,0.05,0.11,0.06,0.11,Matches
Josh Eccles,eng ENG,MF,24.0,39,25,2340.0,26.0,3.0,3.0,6.0,3.0,0.0,0.0,6.0,0.0,2.8,2.8,2.9,5.8,40.0,143.0,73.0,0.12,0.12,0.23,0.12,0.23,0.11,0.11,0.22,0.11,0.22,Matches
Victor Torp,dk DEN,MF,25.0,36,25,2107.0,23.4,6.0,4.0,10.0,5.0,1.0,2.0,2.0,0.0,4.9,3.4,4.8,8.2,21.0,103.0,86.0,0.26,0.17,0.43,0.21,0.38,0.21,0.21,0.42,0.14,0.35,Matches
Ben Sheaf,eng ENG,MF,26.0,29,23,2130.0,23.7,0.0,2.0,2.0,0.0,0.0,0.0,6.0,0.0,2.1,2.1,2.7,4.8,33.0,172.0,39.0,0.0,0.08,0.08,0.0,0.08,0.09,0.11,0.2,0.09,0.2,Matches
Jake Bidwell,eng ENG,DF,31.0,29,23,2062.0,22.9,1.0,1.0,2.0,1.0,0.0,0.0,5.0,0.0,1.0,0.9,2.0,2.8,35.0,120.0,132.0,0.04,0.04,0.09,0.04,0.09,0.05,0.09,0.13,0.04,0.12,Matches
Haji Wright,us USA,FW,26.0,27,21,1947.0,21.6,12.0,1.0,13.0,11.0,1.0,1.0,1.0,0.0,11.2,10.4,2.8,13.1,77.0,26.0,137.0,0.55,0.05,0.6,0.51,0.55,0.52,0.13,0.64,0.48,0.61,Matches
Luis Binks,eng ENG,DF,22.0,22,21,1852.0,20.6,0.0,1.0,1.0,0.0,0.0,0.0,7.0,0.0,0.8,0.8,1.1,1.8,26.0,102.0,6.0,0.0,0.05,0.05,0.0,0.05,0.04,0.05,0.09,0.04,0.09,Matches
Jay Dasilva,wls WAL,DF,26.0,31,20,1807.0,20.1,0.0,1.0,1.0,0.0,0.0,0.0,2.0,1.0,0.2,0.2,1.0,1.2,40.0,89.0,91.0,0.0,0.05,0.05,0.0,0.05,0.01,0.05,0.06,0.01,0.06,Matches
Ephron Mason-Clark,eng ENG,"FW,MF",24.0,30,17,1630.0,18.1,5.0,5.0,10.0,5.0,0.0,0.0,2.0,0.0,6.5,6.5,5.4,11.9,77.0,29.0,158.0,0.28,0.28,0.55,0.28,0.55,0.36,0.3,0.65,0.36,0.65,Matches
Matt Grimes,eng ENG,MF,29.0,16,15,1366.0,15.2,2.0,1.0,3.0,2.0,0.0,0.0,4.0,0.0,0.8,0.8,1.3,2.1,12.0,97.0,12.0,0.13,0.07,0.2,0.13,0.2,0.05,0.09,0.14,0.05,0.14,Matches
Brandon Thomas-Asante,gh GHA,FW,25.0,36,14,1449.0,16.1,4.0,3.0,7.0,4.0,0.0,0.0,3.0,0.0,5.2,5.2,1.7,6.9,32.0,22.0,79.0,0.25,0.19,0.43,0.25,0.43,0.32,0.11,0.43,0.32,0.43,Matches
Bradley Collins,eng ENG,GK,27.0,15,14,1313.0,14.6,0.0,0.0,0.0,0.0,0.0,0.0,2.0,0.0,0.0,0.0,0.0,0.0,0.0,0.0,0.0,0.0,0.0,0.0,0.0,0.0,0.0,0.0,0.0,0.0,0.0,Matches
Jamie Allen,eng ENG,MF,29.0,21,12,1004.0,11.2,0.0,0.0,0.0,0.0,0.0,0.0,1.0,0.0,0.5,0.5,0.1,0.6,2.0,37.0,6.0,0.0,0.0,0.0,0.0,0.0,0.04,0.01,0.05,0.04,0.05,Matches
Norman Bassette,be BEL,FW,19.0,25,11,907.0,10.1,2.0,0.0,2.0,2.0,0.0,0.0,5.0,0.0,4.8,4.8,0.2,5.1,11.0,6.0,46.0,0.2,0.0,0.2,0.2,0.2,0.48,0.02,0.5,0.48,0.5,Matches
Ben Wilson,eng ENG,GK,31.0,4,4,360.0,4.0,0.0,0.0,0.0,0.0,0.0,0.0,1.0,0.0,0.0,0.0,0.0,0.0,0.0,0.0,0.0,0.0,0.0,0.0,0.0,0.0,0.0,0.0,0.0,0.0,0.0,Matches
Jamie Paterson,eng ENG,"FW,MF",32.0,8,0,79.0,0.9,1.0,0.0,1.0,1.0,0.0,0.0,1.0,0.0,0.1,0.1,0.3,0.4,3.0,3.0,6.0,1.14,0.0,1.14,1.14,1.14,0.15,0.34,0.5,0.15,0.5,Matches
Kasey Palmer,jm JAM,"MF,FW",27.0,3,0,54.0,0.6,1.0,0.0,1.0,1.0,0.0,0.0,1.0,0.0,0.2,0.2,0.0,0.2,2.0,4.0,1.0,1.67,0.0,1.67,1.67,1.67,0.38,0.0,0.38,0.38,0.38,Matches
Raphael Borges Rodrigues,au AUS,"MF,FW",20.0,3,0,10.0,0.1,0.0,0.0,0.0,0.0,0.0,0.0,0.0,0.0,0.0,0.0,0.0,0.0,1.0,0.0,0.0,0.0,0.0,0.0,0.0,0.0,0.0,0.0,0.0,0.0,0.0,Matches
Fabio Tavares,eng ENG,FW,23.0,1,0,1.0,0.0,0.0,0.0,0.0,0.0,0.0,0.0,0.0,0.0,0.0,0.0,0.0,0.0,0.0,0.0,0.0,0.0,0.0,0.0,0.0,0.0,0.0,0.0,0.0,0.0,0.0,Matches
Kai Andrews,wls WAL,MF,17.0,0,0,,,,,,,,,,,,,,,,,,,,,,,,,,,,Matches
Luke Bell,,GK,,0,0,,,,,,,,,,,,,,,,,,,,,,,,,,,,Matches
Harvey Broad,,DF,,0,0,,,,,,,,,,,,,,,,,,,,,,,,,,,,Matches
Jack Burroughs,sct SCO,MF,23.0,0,0,,,,,,,,,,,,,,,,,,,,,,,,,,,,Matches
Aidan Dausch,eng ENG,FW,18.0,0,0,,,,,,,,,,,,,,,,,,,,,,,,,,,,Matches
Ryan Howley,wls WAL,MF,20.0,0,0,,,,,,,,,,,,,,,,,,,,,,,,,,,,Matches
Isaac Moore,eng ENG,MF,18.0,0,0,,,,,,,,,,,,,,,,,,,,,,,,,,,,Matches
Callum Perry,,MF,,0,0,,,,,,,,,,,,,,,,,,,,,,,,,,,,Matches
Daniel Rachel,eng ENG,GK,18.0,0,0,,,,,,,,,,,,,,,,,,,,,,,,,,,,Matches
Greg Sandiford,gd GRN,DF,19.0,0,0,,,,,,,,,,,,,,,,,,,,,,,,,,,,Matches
Opponent Total,,,26.0,46,506,4140.0,46.0,55.0,40.0,95.0,54.0,1.0,1.0,94.0,7.0,52.6,51.8,41.9,93.8,632.0,1283.0,1262.0,1.2,0.87,2.07,1.17,2.04,1.14,0.91,2.06,1.13,2.04,
Jason Knight,ie IRL,MF,23.0,46,46,4140.0,46.0,3.0,6.0,9.0,3.0,0.0,0.0,6.0,0.0,3.6,3.6,5.0,8.7,74.0,336.0,80.0,0.07,0.13,0.2,0.07,0.2,0.08,0.11,0.19,0.08,0.19,Matches
Max O'Leary,ie IRL,GK,27.0,46,46,4140.0,46.0,0.0,0.0,0.0,0.0,0.0,0.0,3.0,0.0,0.0,0.0,0.0,0.0,0.0,0.0,0.0,0.0,0.0,0.0,0.0,0.0,0.0,0.0,0.0,0.0,0.0,Matches
Zak Vyner,ke KEN,DF,27.0,46,46,4140.0,46.0,1.0,0.0,1.0,1.0,0.0,0.0,3.0,0.0,2.9,2.9,0.7,3.6,20.0,196.0,34.0,0.02,0.0,0.02,0.02,0.02,0.06,0.02,0.08,0.06,0.08,Matches
Max Bird,eng ENG,MF,23.0,46,43,3481.0,38.7,1.0,8.0,9.0,1.0,0.0,0.0,1.0,0.0,3.0,3.0,8.3,11.3,46.0,234.0,98.0,0.03,0.21,0.23,0.03,0.23,0.08,0.21,0.29,0.08,0.29,Matches
Robert Dickie,eng ENG,DF,28.0,36,35,3121.0,34.7,2.0,1.0,3.0,2.0,0.0,0.0,5.0,1.0,2.4,2.4,0.6,3.0,8.0,95.0,1.0,0.06,0.03,0.09,0.06,0.09,0.07,0.02,0.09,0.07,0.09,Matches
Anis Mehmeti,al ALB,"FW,MF",23.0,42,29,2558.0,28.4,12.0,1.0,13.0,10.0,2.0,2.0,3.0,0.0,10.4,8.8,3.8,12.6,100.0,76.0,207.0,0.42,0.04,0.46,0.35,0.39,0.37,0.13,0.5,0.31,0.44,Matches
Cameron Pring,eng ENG,"DF,MF",26.0,32,27,2228.0,24.8,0.0,3.0,3.0,0.0,0.0,0.0,8.0,0.0,0.4,0.4,2.5,2.9,64.0,89.0,124.0,0.0,0.12,0.12,0.0,0.12,0.02,0.1,0.12,0.02,0.12,Matches
Luke McNally,ie IRL,DF,24.0,26,26,2322.0,25.8,3.0,1.0,4.0,3.0,0.0,0.0,5.0,0.0,2.5,2.5,0.8,3.3,15.0,70.0,6.0,0.12,0.04,0.16,0.12,0.16,0.1,0.03,0.13,0.1,0.13,Matches
Scott Twine,eng ENG,"FW,MF",25.0,35,26,2119.0,23.5,5.0,3.0,8.0,5.0,0.0,0.0,6.0,0.0,6.2,6.2,4.6,10.7,29.0,88.0,85.0,0.21,0.13,0.34,0.21,0.34,0.26,0.19,0.46,0.26,0.46,Matches
Nahki Wells,bm BER,FW,34.0,39,26,2052.0,22.8,10.0,4.0,14.0,9.0,1.0,1.0,3.0,0.0,8.9,8.1,2.2,10.3,30.0,45.0,184.0,0.44,0.18,0.61,0.39,0.57,0.39,0.1,0.49,0.36,0.45,Matches
George Tanner,eng ENG,DF,24.0,32,23,2002.0,22.2,2.0,0.0,2.0,2.0,0.0,0.0,2.0,0.0,0.6,0.6,1.2,1.7,23.0,93.0,47.0,0.09,0.0,0.09,0.09,0.09,0.03,0.05,0.08,0.03,0.08,Matches
Mark Sykes,ie IRL,"MF,DF",26.0,27,21,1707.0,19.0,3.0,4.0,7.0,3.0,0.0,0.0,5.0,0.0,1.3,1.3,3.6,4.8,58.0,57.0,145.0,0.16,0.21,0.37,0.16,0.37,0.07,0.19,0.26,0.07,0.26,Matches
Ross McCrorie,sct SCO,"DF,MF",26.0,23,18,1475.0,16.4,5.0,0.0,5.0,5.0,0.0,0.0,10.0,1.0,2.6,2.6,1.5,4.1,23.0,26.0,106.0,0.31,0.0,0.31,0.31,0.31,0.16,0.09,0.25,0.16,0.25,Matches
Joe Williams,eng ENG,MF,27.0,24,18,1417.0,15.7,0.0,4.0,4.0,0.0,0.0,0.0,6.0,1.0,0.5,0.5,2.4,2.9,19.0,115.0,27.0,0.0,0.25,0.25,0.0,0.25,0.03,0.15,0.18,0.03,0.18,Matches
Yu Hirakawa,jp JPN,"FW,MF",23.0,36,17,1657.0,18.4,2.0,2.0,4.0,2.0,0.0,0.0,0.0,0.0,2.5,2.5,2.1,4.5,72.0,57.0,186.0,0.11,0.11,0.22,0.11,0.22,0.13,0.11,0.25,0.13,0.25,Matches
Sinclair Armstrong,ie IRL,FW,21.0,36,17,1555.0,17.3,3.0,0.0,3.0,3.0,0.0,0.0,1.0,0.0,5.1,5.1,0.8,6.0,33.0,16.0,121.0,0.17,0.0,0.17,0.17,0.17,0.3,0.05,0.35,0.3,0.35,Matches
Haydon Roberts,eng ENG,"DF,MF",22.0,30,15,1635.0,18.2,1.0,1.0,2.0,1.0,0.0,0.0,5.0,0.0,0.3,0.3,1.7,2.0,24.0,66.0,81.0,0.06,0.06,0.11,0.06,0.11,0.01,0.1,0.11,0.01,0.11,Matches
George Earthy,eng ENG,"MF,FW",19.0,37,11,1457.0,16.2,3.0,1.0,4.0,3.0,0.0,0.0,3.0,0.0,3.5,3.5,1.0,4.5,50.0,50.0,126.0,0.19,0.06,0.25,0.19,0.25,0.22,0.06,0.28,0.22,0.28,Matches
Marcus McGuane,eng ENG,MF,25.0,21,11,1063.0,11.8,0.0,0.0,0.0,0.0,0.0,0.0,1.0,0.0,0.2,0.2,0.0,0.3,21.0,41.0,15.0,0.0,0.0,0.0,0.0,0.0,0.02,0.0,0.02,0.02,0.02,Matches
Fally Mayulu,fr FRA,FW,22.0,15,3,402.0,4.5,2.0,0.0,2.0,2.0,0.0,0.0,0.0,0.0,1.9,1.9,0.0,1.9,5.0,5.0,25.0,0.45,0.0,0.45,0.45,0.45,0.42,0.0,0.42,0.42,0.42,Matches
Kal Naismith,sct SCO,DF,32.0,6,2,286.0,3.2,0.0,0.0,0.0,0.0,0.0,0.0,0.0,0.0,0.0,0.0,0.0,0.0,2.0,11.0,0.0,0.0,0.0,0.0,0.0,0.0,0.0,0.01,0.01,0.0,0.01,Matches
Sam Bell,eng ENG,"FW,DF",22.0,20,0,440.0,4.9,0.0,0.0,0.0,0.0,0.0,0.0,0.0,0.0,1.6,1.6,0.5,2.1,8.0,6.0,58.0,0.0,0.0,0.0,0.0,0.0,0.32,0.11,0.42,0.32,0.42,Matches
Elijah Morrison,eng ENG,DF,18.0,3,0,39.0,0.4,0.0,0.0,0.0,0.0,0.0,0.0,1.0,0.0,0.0,0.0,0.0,0.0,3.0,0.0,3.0,0.0,0.0,0.0,0.0,0.0,0.04,0.0,0.04,0.04,0.04,Matches
Harry Cornick,eng ENG,"FW,MF",29.0,3,0,38.0,0.4,1.0,0.0,1.0,1.0,0.0,0.0,0.0,0.0,0.5,0.5,0.0,0.5,0.0,4.0,1.0,2.37,0.0,2.37,2.37,2.37,1.1,0.0,1.1,1.1,1.1,Matches
Robert Atkinson,eng ENG,DF,26.0,0,0,,,,,,,,,,,,,,,,,,,,,,,,,,,,Matches
Stefan Bajic,fr FRA,GK,22.0,0,0,,,,,,,,,,,,,,,,,,,,,,,,,,,,Matches
Taylor Gardner-Hickman,eng ENG,"DF,MF",22.0,0,0,,,,,,,,,,,,,,,,,,,,,,,,,,,,Matches
Leo Pecover,,MF,,0,0,,,,,,,,,,,,,,,,,,,,,,,,,,,,Matches
Billy Phillips,eng ENG,FW,18.0,0,0,,,,,,,,,,,,,,,,,,,,,,,,,,,,Matches
Josh Slowey,,DF,,0,0,,,,,,,,,,,,,,,,,,,,,,,,,,,,Matches
Joshua Stokes,,MF,,0,0,,,,,,,,,,,,,,,,,,,,,,,,,,,,Matches
Lewis Thomas,wls WAL,GK,26.0,0,0,,,,,,,,,,,,,,,,,,,,,,,,,,,,Matches
Opponent Total,,,25.8,46,506,4140.0,46.0,55.0,34.0,89.0,53.0,2.0,2.0,88.0,3.0,56.4,54.9,42.1,97.0,686.0,1449.0,1433.0,1.2,0.74,1.93,1.15,1.89,1.23,0.92,2.14,1.19,2.11,
Dominic Hyam,sct SCO,DF,28.0,46,46,4140.0,46.0,2.0,2.0,4.0,2.0,0.0,0.0,5.0,0.0,2.8,2.8,0.7,3.5,8.0,67.0,6.0,0.04,0.04,0.09,0.04,0.09,0.06,0.01,0.08,0.06,0.08,Matches
Aynsley Pears,eng ENG,GK,26.0,40,40,3600.0,40.0,0.0,0.0,0.0,0.0,0.0,0.0,3.0,0.0,0.0,0.0,0.0,0.0,0.0,0.0,0.0,0.0,0.0,0.0,0.0,0.0,0.0,0.0,0.0,0.0,0.0,Matches
Tyrhys Dolan,eng ENG,"FW,MF",22.0,44,40,3175.0,35.3,7.0,6.0,13.0,6.0,1.0,1.0,12.0,0.0,7.3,6.5,4.6,11.0,94.0,103.0,221.0,0.2,0.17,0.37,0.17,0.34,0.21,0.13,0.33,0.18,0.31,Matches
Lewis Travis,eng ENG,MF,26.0,38,37,3216.0,35.7,2.0,1.0,3.0,2.0,0.0,0.0,11.0,0.0,0.8,0.8,1.9,2.7,37.0,172.0,38.0,0.06,0.03,0.08,0.06,0.08,0.02,0.05,0.08,0.02,0.08,Matches
Sondre Tronstad,no NOR,MF,28.0,38,36,3130.0,34.8,2.0,0.0,2.0,2.0,0.0,0.0,5.0,0.0,0.8,0.8,1.6,2.4,21.0,165.0,18.0,0.06,0.0,0.06,0.06,0.06,0.02,0.05,0.07,0.02,0.07,Matches
Danny Batth,eng ENG,DF,33.0,37,34,3009.0,33.4,2.0,0.0,2.0,2.0,0.0,0.0,5.0,0.0,2.1,2.1,0.8,2.9,4.0,59.0,6.0,0.06,0.0,0.06,0.06,0.06,0.06,0.02,0.09,0.06,0.09,Matches
Ryan Hedges,wls WAL,FW,29.0,42,33,2561.0,28.5,1.0,2.0,3.0,1.0,0.0,0.0,4.0,0.0,2.8,2.8,2.7,5.5,77.0,98.0,176.0,0.04,0.07,0.11,0.04,0.11,0.1,0.09,0.19,0.1,0.19,Matches
Callum Brittain,eng ENG,DF,26.0,33,30,2659.0,29.5,2.0,5.0,7.0,2.0,0.0,0.0,5.0,0.0,1.1,1.1,4.5,5.6,63.0,90.0,141.0,0.07,0.17,0.24,0.07,0.24,0.04,0.15,0.19,0.04,0.19,Matches
Todd Cantwell,eng ENG,"MF,FW",26.0,37,27,2479.0,27.5,3.0,7.0,10.0,1.0,2.0,2.0,6.0,0.0,4.3,2.7,7.0,9.7,57.0,135.0,127.0,0.11,0.25,0.36,0.04,0.29,0.16,0.25,0.41,0.1,0.35,Matches
Yuki Ohashi,jp JPN,"FW,MF",28.0,36,26,2221.0,24.7,9.0,3.0,12.0,9.0,0.0,0.0,3.0,0.0,7.2,7.2,1.0,8.2,36.0,48.0,135.0,0.36,0.12,0.49,0.36,0.49,0.29,0.04,0.33,0.29,0.33,Matches
Makhtar Gueye,sn SEN,FW,26.0,44,23,2193.0,24.4,6.0,6.0,12.0,6.0,0.0,0.0,10.0,1.0,7.0,7.0,2.6,9.6,28.0,37.0,104.0,0.25,0.25,0.49,0.25,0.49,0.29,0.11,0.39,0.29,0.39,Matches
Owen Beck,wls WAL,"DF,FW",21.0,24,21,1874.0,20.8,1.0,0.0,1.0,1.0,0.0,0.0,3.0,1.0,1.1,1.1,1.4,2.6,32.0,37.0,62.0,0.05,0.0,0.05,0.05,0.05,0.05,0.07,0.12,0.05,0.12,Matches
Hayden Carter,eng ENG,DF,24.0,16,16,1363.0,15.1,0.0,1.0,1.0,0.0,0.0,0.0,5.0,0.0,0.5,0.5,0.8,1.3,14.0,42.0,27.0,0.0,0.07,0.07,0.0,0.07,0.03,0.05,0.08,0.03,0.08,Matches
Andreas Weimann,at AUT,"FW,MF",32.0,30,15,1411.0,15.7,7.0,2.0,9.0,7.0,0.0,0.0,2.0,0.0,7.2,7.2,1.9,9.1,18.0,51.0,61.0,0.45,0.13,0.57,0.45,0.57,0.46,0.12,0.58,0.46,0.58,Matches
Yuri Ribeiro,pt POR,DF,27.0,15,15,1350.0,15.0,0.0,1.0,1.0,0.0,0.0,0.0,0.0,0.0,0.6,0.6,0.8,1.4,21.0,56.0,53.0,0.0,0.07,0.07,0.0,0.07,0.04,0.05,0.1,0.04,0.1,Matches
Joe Rankin-Costello,eng ENG,"DF,FW",25.0,29,13,1249.0,13.9,2.0,2.0,4.0,2.0,0.0,0.0,4.0,0.0,1.8,1.8,1.3,3.2,14.0,35.0,59.0,0.14,0.14,0.29,0.14,0.29,0.13,0.1,0.23,0.13,0.23,Matches
Harry Pickering,eng ENG,DF,25.0,15,12,1039.0,11.5,0.0,1.0,1.0,0.0,0.0,0.0,2.0,0.0,0.3,0.3,1.2,1.5,8.0,40.0,20.0,0.0,0.09,0.09,0.0,0.09,0.03,0.11,0.13,0.03,0.13,Matches
John Buckley,eng ENG,MF,24.0,23,8,855.0,9.5,0.0,0.0,0.0,0.0,0.0,0.0,5.0,0.0,0.2,0.2,0.3,0.5,8.0,49.0,5.0,0.0,0.0,0.0,0.0,0.0,0.02,0.03,0.05,0.02,0.05,Matches
Lewis Baker,eng ENG,"MF,FW",29.0,13,7,596.0,6.6,1.0,0.0,1.0,1.0,0.0,0.0,2.0,0.0,0.9,0.9,0.4,1.3,7.0,15.0,8.0,0.15,0.0,0.15,0.15,0.15,0.14,0.06,0.2,0.14,0.2,Matches
Amario Duberry,eng ENG,"FW,MF",19.0,22,6,723.0,8.0,1.0,0.0,1.0,1.0,0.0,0.0,0.0,0.0,1.0,1.0,0.5,1.5,35.0,26.0,38.0,0.12,0.0,0.12,0.12,0.12,0.12,0.07,0.19,0.12,0.19,Matches
Balázs Tóth,hu HUN,GK,26.0,6,6,540.0,6.0,0.0,0.0,0.0,0.0,0.0,0.0,1.0,0.0,0.0,0.0,0.0,0.0,0.0,0.0,0.0,0.0,0.0,0.0,0.0,0.0,0.0,0.0,0.0,0.0,0.0,Matches
Adam Forshaw,eng ENG,MF,32.0,16,5,563.0,6.3,1.0,0.0,1.0,1.0,0.0,0.0,2.0,0.0,0.3,0.3,0.1,0.4,3.0,22.0,4.0,0.16,0.0,0.16,0.16,0.16,0.05,0.01,0.06,0.05,0.06,Matches
Dion Sanderson,eng ENG,DF,24.0,12,4,567.0,6.3,0.0,0.0,0.0,0.0,0.0,0.0,1.0,0.0,0.0,0.0,0.0,0.0,2.0,14.0,3.0,0.0,0.0,0.0,0.0,0.0,0.0,0.01,0.01,0.0,0.01,Matches
Cauley Woodrow,eng ENG,"MF,FW",29.0,9,2,222.0,2.5,0.0,1.0,1.0,0.0,0.0,0.0,0.0,0.0,0.1,0.1,0.5,0.6,3.0,5.0,16.0,0.0,0.41,0.41,0.0,0.41,0.04,0.19,0.23,0.04,0.23,Matches
Augustus Kargbo,sl SLE,FW,24.0,8,2,186.0,2.1,0.0,1.0,1.0,0.0,0.0,0.0,0.0,0.0,0.4,0.4,0.4,0.8,9.0,6.0,13.0,0.0,0.48,0.48,0.0,0.48,0.21,0.17,0.38,0.21,0.38,Matches
Emmanuel Dennis,ng NGA,"FW,MF",26.0,6,1,160.0,1.8,0.0,1.0,1.0,0.0,0.0,0.0,3.0,1.0,0.1,0.1,0.5,0.6,8.0,11.0,16.0,0.0,0.56,0.56,0.0,0.56,0.07,0.3,0.37,0.07,0.37,Matches
Kristi Montgomery,sct SCO,DF,20.0,3,1,137.0,1.5,0.0,0.0,0.0,0.0,0.0,0.0,2.0,1.0,0.0,0.0,0.0,0.0,2.0,3.0,3.0,0.0,0.0,0.0,0.0,0.0,0.0,0.0,0.0,0.0,0.0,Matches
Harry Leonard,eng ENG,"FW,MF",20.0,9,0,149.0,1.7,1.0,0.0,1.0,1.0,0.0,0.0,0.0,0.0,1.7,1.7,0.3,2.1,1.0,2.0,11.0,0.6,0.0,0.6,0.6,0.6,1.06,0.2,1.26,1.06,1.26,Matches
Arnór Sigurðsson,is ISL,"FW,MF",25.0,5,0,62.0,0.7,1.0,0.0,1.0,1.0,0.0,0.0,0.0,0.0,0.1,0.1,0.0,0.2,1.0,7.0,6.0,1.45,0.0,1.45,1.45,1.45,0.2,0.06,0.26,0.2,0.26,Matches
Sammie Szmodics,ie IRL,MF,28.0,1,0,26.0,0.3,1.0,1.0,2.0,1.0,0.0,0.0,0.0,0.0,0.1,0.1,0.7,0.8,1.0,1.0,0.0,3.46,3.46,6.92,3.46,6.92,0.36,2.29,2.65,0.36,2.65,Matches
Igor Tyjon,eng ENG,FW,16.0,2,0,7.0,0.1,0.0,0.0,0.0,0.0,0.0,0.0,0.0,0.0,0.0,0.0,0.0,0.0,0.0,0.0,0.0,0.0,0.0,0.0,0.0,0.0,0.0,0.0,0.0,0.0,0.0,Matches
Leonard Duru,eng ENG,DF,19.0,1,0,2.0,0.0,0.0,0.0,0.0,0.0,0.0,0.0,0.0,0.0,0.0,0.0,0.0,0.0,0.0,0.0,0.0,0.0,0.0,0.0,0.0,0.0,0.0,0.0,0.0,0.0,0.0,Matches
Kyle McFadzean,sct SCO,FW,37.0,1,0,1.0,0.0,0.0,0.0,0.0,0.0,0.0,0.0,0.0,0.0,0.0,0.0,0.0,0.0,0.0,0.0,0.0,0.0,0.0,0.0,0.0,0.0,0.0,0.0,0.0,0.0,0.0,Matches
Tom Atcheson,nir NIR,DF,17.0,0,0,,,,,,,,,,,,,,,,,,,,,,,,,,,,Matches
Isaac Dunn,,MF,,0,0,,,,,,,,,,,,,,,,,,,,,,,,,,,,Matches
James Edmondson,eng ENG,MF,18.0,0,0,,,,,,,,,,,,,,,,,,,,,,,,,,,,Matches
Joe Hilton,eng ENG,GK,24.0,0,0,,,,,,,,,,,,,,,,,,,,,,,,,,,,Matches
Matty Litherland,,DF,,0,0,,,,,,,,,,,,,,,,,,,,,,,,,,,,Matches
Dilan Markanday,eng ENG,"FW,MF",22.0,0,0,,,,,,,,,,,,,,,,,,,,,,,,,,,,Matches
Nicholas Michalski,eng ENG,GK,17.0,0,0,,,,,,,,,,,,,,,,,,,,,,,,,,,,Matches
Harley O'Grady-Macken,eng ENG,MF,19.0,0,0,,,,,,,,,,,,,,,,,,,,,,,,,,,,Matches
Brandon Powell,eng ENG,MF,18.0,0,0,,,,,,,,,,,,,,,,,,,,,,,,,,,,Matches
Jack Vale,wls WAL,FW,23.0,0,0,,,,,,,,,,,,,,,,,,,,,,,,,,,,Matches
Frank Vare,eng ENG,MF,16.0,0,0,,,,,,,,,,,,,,,,,,,,,,,,,,,,Matches
Opponent Total,,,25.7,46,506,4140.0,46.0,48.0,34.0,82.0,45.0,3.0,4.0,84.0,3.0,53.8,50.5,39.4,89.8,742.0,1652.0,1630.0,1.04,0.74,1.78,0.98,1.72,1.17,0.86,2.02,1.1,1.95,
Casper de Norre,be BEL,MF,27.0,46,44,3606.0,40.1,3.0,4.0,7.0,3.0,0.0,0.0,5.0,0.0,2.2,2.2,2.7,4.9,23.0,187.0,45.0,0.07,0.1,0.17,0.07,0.17,0.06,0.07,0.12,0.06,0.12,Matches
Lukas Jensen,dk DEN,GK,25.0,41,41,3689.0,41.0,0.0,0.0,0.0,0.0,0.0,0.0,1.0,0.0,0.0,0.0,0.0,0.0,0.0,0.0,0.0,0.0,0.0,0.0,0.0,0.0,0.0,0.0,0.0,0.0,0.0,Matches
Japhet Tanganga,eng ENG,DF,25.0,40,40,3552.0,39.5,2.0,0.0,2.0,2.0,0.0,0.0,6.0,0.0,2.5,2.5,0.6,3.1,15.0,83.0,14.0,0.05,0.0,0.05,0.05,0.05,0.06,0.01,0.08,0.06,0.08,Matches
Joe Bryan,eng ENG,DF,30.0,39,37,3275.0,36.4,1.0,1.0,2.0,1.0,0.0,0.0,8.0,0.0,1.3,1.3,3.8,5.2,33.0,165.0,73.0,0.03,0.03,0.05,0.03,0.05,0.04,0.11,0.14,0.04,0.14,Matches
George Saville,nir NIR,MF,31.0,45,36,3300.0,36.7,1.0,3.0,4.0,1.0,0.0,0.0,8.0,0.0,2.8,2.8,3.5,6.2,22.0,124.0,43.0,0.03,0.08,0.11,0.03,0.11,0.08,0.09,0.17,0.08,0.17,Matches
Jake Cooper,eng ENG,DF,29.0,36,36,3195.0,35.5,3.0,1.0,4.0,3.0,0.0,0.0,4.0,0.0,2.7,2.7,0.5,3.2,6.0,67.0,15.0,0.08,0.03,0.11,0.08,0.11,0.08,0.02,0.09,0.08,0.09,Matches
Ryan Leonard,eng ENG,DF,32.0,33,29,2631.0,29.2,0.0,1.0,1.0,0.0,0.0,0.0,8.0,0.0,0.9,0.9,2.2,3.1,32.0,120.0,68.0,0.0,0.03,0.03,0.0,0.03,0.03,0.08,0.11,0.03,0.11,Matches
George Honeyman,eng ENG,"MF,FW",29.0,40,28,2422.0,26.9,2.0,5.0,7.0,2.0,0.0,0.0,7.0,0.0,3.7,3.7,4.5,8.2,17.0,70.0,117.0,0.07,0.19,0.26,0.07,0.26,0.14,0.17,0.3,0.14,0.3,Matches
Romain Esse,eng ENG,"FW,MF",19.0,24,24,2018.0,22.4,4.0,1.0,5.0,4.0,0.0,0.0,4.0,0.0,2.2,2.2,4.4,6.6,37.0,73.0,121.0,0.18,0.04,0.22,0.18,0.22,0.1,0.2,0.29,0.1,0.29,Matches
Mihailo Ivanović,rs SRB,"FW,MF",19.0,37,23,2176.0,24.2,12.0,0.0,12.0,11.0,1.0,1.0,2.0,0.0,8.5,7.7,1.3,9.0,10.0,40.0,107.0,0.5,0.0,0.5,0.45,0.45,0.35,0.05,0.4,0.32,0.37,Matches
Femi Azeez,eng ENG,FW,23.0,34,21,1906.0,21.2,2.0,5.0,7.0,2.0,0.0,0.0,4.0,0.0,4.8,4.8,2.2,6.9,81.0,61.0,161.0,0.09,0.24,0.33,0.09,0.33,0.23,0.1,0.33,0.23,0.33,Matches
Duncan Watmore,eng ENG,"FW,MF",30.0,26,19,1578.0,17.5,5.0,1.0,6.0,5.0,0.0,0.0,0.0,0.0,3.6,3.6,2.5,6.0,35.0,36.0,99.0,0.29,0.06,0.34,0.29,0.34,0.2,0.14,0.34,0.2,0.34,Matches
Tristan Crama,fr FRA,DF,22.0,20,18,1634.0,18.2,0.0,2.0,2.0,0.0,0.0,0.0,1.0,0.0,0.9,0.9,2.6,3.6,25.0,44.0,69.0,0.0,0.11,0.11,0.0,0.11,0.05,0.14,0.2,0.05,0.2,Matches
Macaulay Langstaff,eng ENG,FW,27.0,34,14,1388.0,15.4,1.0,2.0,3.0,1.0,0.0,0.0,0.0,0.0,3.9,3.9,1.6,5.5,21.0,15.0,70.0,0.06,0.13,0.19,0.06,0.19,0.25,0.1,0.35,0.25,0.35,Matches
Josh Coburn,eng ENG,FW,21.0,20,14,1218.0,13.5,5.0,0.0,5.0,5.0,0.0,1.0,0.0,0.0,6.2,5.4,1.3,6.7,10.0,7.0,51.0,0.37,0.0,0.37,0.37,0.37,0.46,0.1,0.55,0.4,0.5,Matches
Luke Cundle,eng ENG,"MF,FW",22.0,16,13,985.0,10.9,1.0,0.0,1.0,1.0,0.0,0.0,2.0,0.0,0.8,0.8,0.3,1.1,7.0,41.0,41.0,0.09,0.0,0.09,0.09,0.09,0.07,0.03,0.1,0.07,0.1,Matches
Billy Mitchell,eng ENG,MF,24.0,19,9,891.0,9.9,0.0,0.0,0.0,0.0,0.0,0.0,1.0,0.0,0.1,0.1,0.2,0.4,10.0,45.0,7.0,0.0,0.0,0.0,0.0,0.0,0.01,0.02,0.04,0.01,0.04,Matches
Murray Wallace,sct SCO,DF,31.0,11,8,733.0,8.1,0.0,0.0,0.0,0.0,0.0,0.0,0.0,0.0,0.3,0.3,0.1,0.3,2.0,17.0,0.0,0.0,0.0,0.0,0.0,0.0,0.03,0.01,0.04,0.03,0.04,Matches
Dan McNamara,ie IRL,DF,25.0,13,7,683.0,7.6,0.0,0.0,0.0,0.0,0.0,0.0,1.0,0.0,0.0,0.0,0.3,0.3,4.0,34.0,6.0,0.0,0.0,0.0,0.0,0.0,0.0,0.04,0.04,0.0,0.04,Matches
Raees Bangura-Williams,,"FW,MF",,10,7,608.0,6.8,0.0,3.0,3.0,0.0,0.0,0.0,2.0,0.0,1.1,1.1,0.5,1.5,8.0,17.0,26.0,0.0,0.44,0.44,0.0,0.44,0.16,0.07,0.23,0.16,0.23,Matches
Aidomo Emakhu,ie IRL,"FW,MF",20.0,25,6,696.0,7.7,0.0,2.0,2.0,0.0,0.0,0.0,3.0,1.0,0.9,0.9,1.1,2.0,37.0,14.0,60.0,0.0,0.26,0.26,0.0,0.26,0.12,0.14,0.26,0.12,0.26,Matches
Aaron Connolly,ie IRL,"FW,MF",24.0,14,6,659.0,7.3,1.0,0.0,1.0,1.0,0.0,1.0,3.0,0.0,1.6,0.8,1.0,1.8,13.0,16.0,43.0,0.14,0.0,0.14,0.14,0.14,0.22,0.14,0.35,0.11,0.25,Matches
Tom Bradshaw,wls WAL,FW,32.0,11,4,450.0,5.0,1.0,0.0,1.0,0.0,1.0,1.0,0.0,0.0,2.4,1.6,0.0,1.6,2.0,2.0,17.0,0.2,0.0,0.2,0.0,0.0,0.48,0.0,0.48,0.32,0.32,Matches
Shaun Hutchinson,eng ENG,DF,33.0,9,4,396.0,4.4,0.0,0.0,0.0,0.0,0.0,0.0,1.0,0.0,0.1,0.1,0.0,0.1,1.0,10.0,4.0,0.0,0.0,0.0,0.0,0.0,0.02,0.0,0.02,0.02,0.02,Matches
George Evans,eng ENG,GK,19.0,4,4,360.0,4.0,0.0,0.0,0.0,0.0,0.0,0.0,0.0,0.0,0.0,0.0,0.0,0.0,0.0,0.0,0.0,0.0,0.0,0.0,0.0,0.0,0.0,0.0,0.0,0.0,0.0,Matches
Ryan Wintle,eng ENG,MF,27.0,22,3,513.0,5.7,1.0,0.0,1.0,1.0,0.0,0.0,3.0,0.0,0.3,0.3,0.3,0.6,1.0,18.0,10.0,0.18,0.0,0.18,0.18,0.18,0.05,0.06,0.11,0.05,0.11,Matches
Zak Sturge,eng ENG,DF,20.0,5,3,303.0,3.4,0.0,0.0,0.0,0.0,0.0,0.0,0.0,0.0,0.0,0.0,0.0,0.0,2.0,7.0,10.0,0.0,0.0,0.0,0.0,0.0,0.01,0.0,0.01,0.01,0.01,Matches
Calum Scanlon,eng ENG,"FW,DF",19.0,4,3,167.0,1.9,1.0,0.0,1.0,1.0,0.0,0.0,0.0,0.0,0.2,0.2,0.0,0.2,5.0,3.0,4.0,0.54,0.0,0.54,0.54,0.54,0.12,0.0,0.12,0.12,0.12,Matches
Wes Harding,jm JAM,DF,27.0,5,2,193.0,2.1,0.0,0.0,0.0,0.0,0.0,0.0,1.0,0.0,0.0,0.0,0.0,0.0,5.0,4.0,11.0,0.0,0.0,0.0,0.0,0.0,0.0,0.0,0.0,0.0,0.0,Matches
Camiel Neghli,nl NED,"FW,MF",22.0,4,2,193.0,2.1,1.0,0.0,1.0,1.0,0.0,0.0,0.0,0.0,0.8,0.8,0.1,0.9,5.0,7.0,11.0,0.47,0.0,0.47,0.47,0.47,0.36,0.06,0.42,0.36,0.42,Matches
Liam Roberts,eng ENG,GK,29.0,2,1,91.0,1.0,0.0,0.0,0.0,0.0,0.0,0.0,0.0,0.0,0.0,0.0,0.0,0.0,0.0,0.0,0.0,0.0,0.0,0.0,0.0,0.0,0.0,0.0,0.0,0.0,0.0,Matches
Daniel Kelly,sct SCO,MF,18.0,2,0,20.0,0.2,0.0,0.0,0.0,0.0,0.0,0.0,0.0,0.0,0.0,0.0,0.0,0.0,0.0,0.0,0.0,0.0,0.0,0.0,0.0,0.0,0.0,0.0,0.0,0.0,0.0,Matches
Kevin Nisbet,sct SCO,FW,27.0,1,0,7.0,0.1,0.0,0.0,0.0,0.0,0.0,0.0,0.0,0.0,0.0,0.0,0.0,0.0,0.0,0.0,2.0,0.0,0.0,0.0,0.0,0.0,0.0,0.0,0.0,0.0,0.0,Matches
Tom Leahy,eng ENG,FW,20.0,1,0,2.0,0.0,0.0,0.0,0.0,0.0,0.0,0.0,0.0,0.0,0.0,0.0,0.0,0.0,0.0,0.0,0.0,0.0,0.0,0.0,0.0,0.0,0.0,0.0,0.0,0.0,0.0,Matches
Ben Drake,eng ENG,DF,19.0,0,0,,,,,,,,,,,,,,,,,,,,,,,,,,,,Matches
Sheldon Kendall,,FW,,0,0,,,,,,,,,,,,,,,,,,,,,,,,,,,,Matches
Alfie Massey,eng ENG,MF,18.0,0,0,,,,,,,,,,,,,,,,,,,,,,,,,,,,Matches
Ajay Matthews,eng ENG,FW,18.0,0,0,,,,,,,,,,,,,,,,,,,,,,,,,,,,Matches
Adam Mayor,eng ENG,MF,19.0,0,0,,,,,,,,,,,,,,,,,,,,,,,,,,,,Matches
Jakub Przewozny,pl POL,GK,17.0,0,0,,,,,,,,,,,,,,,,,,,,,,,,,,,,Matches
Kyle Smith,,DF,,0,0,,,,,,,,,,,,,,,,,,,,,,,,,,,,Matches
Connal Trueman,eng ENG,GK,28.0,0,0,,,,,,,,,,,,,,,,,,,,,,,,,,,,Matches
Opponent Total,,,25.8,46,506,4140.0,46.0,45.0,28.0,73.0,44.0,1.0,3.0,65.0,0.0,49.9,47.6,36.4,84.0,694.0,1650.0,1627.0,0.98,0.61,1.59,0.96,1.57,1.09,0.79,1.88,1.03,1.83,
Torbjørn Heggem,no NOR,DF,25.0,45,45,4010.0,44.6,1.0,2.0,3.0,1.0,0.0,0.0,3.0,0.0,2.0,2.0,1.5,3.6,26.0,98.0,46.0,0.02,0.04,0.07,0.02,0.07,0.05,0.03,0.08,0.05,0.08,Matches
Darnell Furlong,eng ENG,DF,28.0,42,42,3706.0,41.2,1.0,3.0,4.0,1.0,0.0,0.0,8.0,1.0,3.0,3.0,4.7,7.8,66.0,184.0,136.0,0.02,0.07,0.1,0.02,0.1,0.07,0.11,0.19,0.07,0.19,Matches
Alex Mowatt,eng ENG,MF,29.0,43,39,3351.0,37.2,7.0,2.0,9.0,7.0,0.0,0.0,5.0,0.0,2.6,2.6,4.3,6.9,46.0,251.0,50.0,0.19,0.05,0.24,0.19,0.24,0.07,0.12,0.19,0.07,0.19,Matches
Tom Fellows,eng ENG,"FW,MF",21.0,45,35,2872.0,31.9,4.0,14.0,18.0,4.0,0.0,0.0,4.0,0.0,4.3,4.3,7.6,11.9,156.0,48.0,321.0,0.13,0.44,0.56,0.13,0.56,0.13,0.24,0.37,0.13,0.37,Matches
Karlan Grant,eng ENG,"FW,MF",26.0,43,34,2930.0,32.6,7.0,2.0,9.0,7.0,0.0,0.0,2.0,0.0,7.0,7.0,5.2,12.2,126.0,71.0,242.0,0.22,0.06,0.28,0.22,0.28,0.22,0.16,0.38,0.22,0.38,Matches
Jayson Molumby,ie IRL,MF,24.0,37,30,2702.0,30.0,4.0,1.0,5.0,4.0,0.0,0.0,11.0,1.0,3.5,3.5,1.0,4.6,56.0,164.0,69.0,0.13,0.03,0.17,0.13,0.17,0.12,0.03,0.15,0.12,0.15,Matches
Alex Palmer,eng ENG,GK,27.0,30,30,2700.0,30.0,0.0,0.0,0.0,0.0,0.0,0.0,2.0,0.0,0.0,0.0,0.0,0.0,0.0,0.0,0.0,0.0,0.0,0.0,0.0,0.0,0.0,0.0,0.0,0.0,0.0,Matches
Kyle Bartley,eng ENG,DF,33.0,31,30,2610.0,29.0,0.0,0.0,0.0,0.0,0.0,0.0,5.0,1.0,1.9,1.9,1.0,2.9,7.0,66.0,3.0,0.0,0.0,0.0,0.0,0.0,0.06,0.03,0.1,0.06,0.1,Matches
Callum Styles,hu HUN,DF,24.0,34,29,2613.0,29.0,3.0,1.0,4.0,3.0,0.0,0.0,11.0,1.0,1.8,1.8,1.1,2.9,57.0,129.0,72.0,0.1,0.03,0.14,0.1,0.14,0.06,0.04,0.1,0.06,0.1,Matches
Josh Maja,ng NGA,FW,25.0,26,26,2056.0,22.8,12.0,2.0,14.0,12.0,0.0,0.0,2.0,0.0,10.0,10.0,2.6,12.7,16.0,45.0,83.0,0.53,0.09,0.61,0.53,0.61,0.44,0.11,0.55,0.44,0.55,Matches
Michael Johnston,ie IRL,"FW,MF",25.0,40,25,2069.0,23.0,3.0,5.0,8.0,3.0,0.0,0.0,3.0,0.0,3.9,3.9,4.3,8.2,134.0,119.0,181.0,0.13,0.22,0.35,0.13,0.35,0.17,0.19,0.36,0.17,0.36,Matches
Mason Holgate,eng ENG,DF,27.0,26,21,1983.0,22.0,1.0,1.0,2.0,1.0,0.0,0.0,2.0,0.0,1.1,1.1,1.2,2.3,5.0,47.0,6.0,0.05,0.05,0.09,0.05,0.09,0.05,0.05,0.1,0.05,0.1,Matches
John Swift,eng ENG,MF,29.0,36,19,1741.0,19.3,3.0,1.0,4.0,3.0,0.0,0.0,4.0,0.0,3.1,3.1,2.1,5.3,30.0,144.0,66.0,0.16,0.05,0.21,0.16,0.21,0.16,0.11,0.27,0.16,0.27,Matches
Grady Diangana,cd COD,"FW,MF",26.0,34,14,1494.0,16.6,4.0,3.0,7.0,4.0,0.0,0.0,1.0,0.0,3.6,3.6,2.3,5.9,38.0,74.0,98.0,0.24,0.18,0.42,0.24,0.42,0.22,0.14,0.35,0.22,0.35,Matches
Semi Ajayi,ng NGA,DF,30.0,15,14,1228.0,13.6,0.0,0.0,0.0,0.0,0.0,0.0,4.0,0.0,0.4,0.4,0.0,0.5,9.0,51.0,1.0,0.0,0.0,0.0,0.0,0.0,0.03,0.0,0.03,0.03,0.03,Matches
Isaac Price,nir NIR,"MF,FW",20.0,15,13,1049.0,11.7,1.0,1.0,2.0,1.0,0.0,0.0,2.0,0.0,1.2,1.2,2.1,3.3,16.0,28.0,63.0,0.09,0.09,0.17,0.09,0.17,0.1,0.18,0.28,0.1,0.28,Matches
Adam Armstrong,eng ENG,FW,27.0,16,12,1008.0,11.2,3.0,0.0,3.0,2.0,1.0,1.0,0.0,0.0,3.8,3.0,0.4,3.4,14.0,11.0,46.0,0.27,0.0,0.27,0.18,0.18,0.34,0.04,0.37,0.27,0.3,Matches
Joe Wildsmith,eng ENG,GK,28.0,10,10,900.0,10.0,0.0,0.0,0.0,0.0,0.0,0.0,1.0,0.0,0.0,0.0,0.0,0.0,0.0,0.0,0.0,0.0,0.0,0.0,0.0,0.0,0.0,0.0,0.0,0.0,0.0,Matches
Uroš Račić,rs SRB,MF,26.0,21,9,916.0,10.2,0.0,2.0,2.0,0.0,0.0,0.0,2.0,0.0,1.6,1.6,1.2,2.8,7.0,38.0,27.0,0.0,0.2,0.2,0.0,0.2,0.15,0.12,0.27,0.15,0.27,Matches
Ousmane Diakité,ml MLI,"MF,DF",24.0,22,9,860.0,9.6,0.0,0.0,0.0,0.0,0.0,0.0,1.0,0.0,0.4,0.4,0.1,0.4,4.0,26.0,8.0,0.0,0.0,0.0,0.0,0.0,0.04,0.01,0.05,0.04,0.05,Matches
Jed Wallace,eng ENG,"FW,MF",30.0,29,6,809.0,9.0,1.0,1.0,2.0,1.0,0.0,0.0,2.0,0.0,1.2,1.2,1.7,2.9,28.0,30.0,51.0,0.11,0.11,0.22,0.11,0.22,0.13,0.19,0.33,0.13,0.33,Matches
Joshua Griffiths,eng ENG,GK,22.0,6,6,540.0,6.0,0.0,0.0,0.0,0.0,0.0,0.0,0.0,0.0,0.0,0.0,0.0,0.0,0.0,0.0,0.0,0.0,0.0,0.0,0.0,0.0,0.0,0.0,0.0,0.0,0.0,Matches
Will Lankshear,eng ENG,FW,19.0,11,4,350.0,3.9,0.0,0.0,0.0,0.0,0.0,0.0,2.0,0.0,1.1,1.1,0.0,1.1,0.0,2.0,13.0,0.0,0.0,0.0,0.0,0.0,0.29,0.0,0.29,0.29,0.29,Matches
Paddy McNair,nir NIR,DF,29.0,2,2,93.0,1.0,0.0,0.0,0.0,0.0,0.0,0.0,0.0,0.0,0.0,0.0,0.0,0.0,0.0,1.0,0.0,0.0,0.0,0.0,0.0,0.0,0.0,0.0,0.0,0.0,0.0,Matches
Lewis Dobbin,eng ENG,"FW,MF",21.0,17,1,340.0,3.8,0.0,0.0,0.0,0.0,0.0,0.0,0.0,0.0,0.3,0.3,0.0,0.3,12.0,10.0,25.0,0.0,0.0,0.0,0.0,0.0,0.08,0.01,0.08,0.08,0.08,Matches
Daryl Dike,us USA,"FW,MF",24.0,11,1,227.0,2.5,1.0,1.0,2.0,1.0,0.0,0.0,1.0,0.0,0.7,0.7,1.0,1.7,1.0,4.0,10.0,0.4,0.4,0.79,0.4,0.79,0.29,0.38,0.67,0.29,0.67,Matches
Devante Cole,eng ENG,"FW,MF",29.0,14,0,163.0,1.8,0.0,0.0,0.0,0.0,0.0,0.0,0.0,0.0,0.8,0.8,0.0,0.8,3.0,4.0,11.0,0.0,0.0,0.0,0.0,0.0,0.47,0.0,0.47,0.47,0.47,Matches
Gianluca Frabotta,it ITA,DF,25.0,6,0,65.0,0.7,0.0,0.0,0.0,0.0,0.0,0.0,0.0,0.0,0.0,0.0,0.0,0.0,1.0,3.0,7.0,0.0,0.0,0.0,0.0,0.0,0.02,0.0,0.02,0.02,0.02,Matches
Tammer Bany,dk DEN,"MF,FW",20.0,4,0,53.0,0.6,0.0,1.0,1.0,0.0,0.0,0.0,1.0,0.0,0.1,0.1,0.9,1.0,0.0,6.0,6.0,0.0,1.7,1.7,0.0,1.7,0.24,1.46,1.69,0.24,1.69,Matches
Harry Whitwell,eng ENG,FW,18.0,1,0,13.0,0.1,0.0,0.0,0.0,0.0,0.0,0.0,0.0,0.0,0.0,0.0,0.0,0.0,0.0,1.0,0.0,0.0,0.0,0.0,0.0,0.0,0.0,0.0,0.0,0.0,0.0,Matches
Oliver Bostock,wls WAL,FW,17.0,0,0,,,,,,,,,,,,,,,,,,,,,,,,,,,,Matches
Ted Cann,eng ENG,GK,23.0,0,0,,,,,,,,,,,,,,,,,,,,,,,,,,,,Matches
Muhamed Diomande,eng ENG,MF,18.0,0,0,,,,,,,,,,,,,,,,,,,,,,,,,,,,Matches
Mo Faal,eng ENG,FW,21.0,0,0,,,,,,,,,,,,,,,,,,,,,,,,,,,,Matches
Reece Hall,eng ENG,DF,20.0,0,0,,,,,,,,,,,,,,,,,,,,,,,,,,,,Matches
Fenton Heard,eng ENG,MF,19.0,0,0,,,,,,,,,,,,,,,,,,,,,,,,,,,,Matches
Jamal Mohammed,eng ENG,DF,18.0,0,0,,,,,,,,,,,,,,,,,,,,,,,,,,,,Matches
Deago Nelson,eng ENG,DF,18.0,0,0,,,,,,,,,,,,,,,,,,,,,,,,,,,,Matches
Michael Parker,eng ENG,DF,19.0,0,0,,,,,,,,,,,,,,,,,,,,,,,,,,,,Matches
Caleb Taylor,eng ENG,DF,21.0,0,0,,,,,,,,,,,,,,,,,,,,,,,,,,,,Matches
Opponent Total,,,25.7,46,506,4140.0,46.0,44.0,33.0,77.0,43.0,1.0,1.0,95.0,1.0,47.6,46.9,34.2,81.1,646.0,1468.0,1451.0,0.96,0.72,1.67,0.93,1.65,1.04,0.74,1.78,1.02,1.76,
Hayden Hackney,eng ENG,MF,22.0,43,43,3792.0,42.1,5.0,3.0,8.0,5.0,0.0,0.0,9.0,1.0,4.2,4.2,4.9,9.0,118.0,440.0,95.0,0.12,0.07,0.19,0.12,0.19,0.1,0.12,0.21,0.1,0.21,Matches
Finn Azaz,ie IRL,"MF,FW",23.0,45,43,3544.0,39.4,12.0,11.0,23.0,12.0,0.0,0.0,6.0,0.0,9.5,9.5,9.7,19.2,94.0,236.0,290.0,0.3,0.28,0.58,0.3,0.58,0.24,0.25,0.49,0.24,0.49,Matches
Neto Borges,br BRA,DF,27.0,35,34,2891.0,32.1,1.0,3.0,4.0,1.0,0.0,0.0,4.0,0.0,1.4,1.4,2.2,3.6,54.0,71.0,187.0,0.03,0.09,0.12,0.03,0.12,0.04,0.07,0.11,0.04,0.11,Matches
Aidan Morris,us USA,MF,22.0,35,33,2915.0,32.4,0.0,2.0,2.0,0.0,0.0,0.0,4.0,0.0,1.8,1.8,1.5,3.3,28.0,184.0,50.0,0.0,0.06,0.06,0.0,0.06,0.06,0.04,0.1,0.06,0.1,Matches
Anfernee Dijksteel,sr SUR,DF,27.0,33,27,2525.0,28.1,2.0,1.0,3.0,2.0,0.0,0.0,5.0,0.0,0.4,0.4,1.6,2.1,57.0,117.0,77.0,0.07,0.04,0.11,0.07,0.11,0.02,0.06,0.07,0.02,0.07,Matches
Tommy Conway,sct SCO,"FW,MF",21.0,36,27,2357.0,26.2,13.0,1.0,14.0,11.0,2.0,4.0,1.0,0.0,12.3,9.1,1.5,10.6,51.0,44.0,208.0,0.5,0.04,0.53,0.42,0.46,0.47,0.06,0.53,0.35,0.41,Matches
George Edmundson,eng ENG,DF,26.0,24,24,2090.0,23.2,1.0,0.0,1.0,1.0,0.0,0.0,9.0,0.0,2.4,2.4,0.1,2.5,17.0,91.0,1.0,0.04,0.0,0.04,0.04,0.04,0.1,0.0,0.11,0.1,0.11,Matches
Delano Burgzorg,sr SUR,"FW,MF",25.0,42,23,2187.0,24.3,5.0,2.0,7.0,4.0,1.0,1.0,2.0,0.0,7.8,7.0,2.0,9.0,70.0,59.0,192.0,0.21,0.08,0.29,0.16,0.25,0.32,0.08,0.4,0.29,0.37,Matches
Rav van den Berg,nl NED,DF,20.0,27,23,2128.0,23.6,0.0,0.0,0.0,0.0,0.0,0.0,4.0,1.0,0.4,0.4,0.3,0.7,10.0,104.0,6.0,0.0,0.0,0.0,0.0,0.0,0.02,0.01,0.03,0.02,0.03,Matches
Luke Ayling,eng ENG,DF,32.0,26,23,1951.0,21.7,0.0,2.0,2.0,0.0,0.0,0.0,4.0,0.0,0.7,0.7,2.5,3.2,34.0,143.0,65.0,0.0,0.09,0.09,0.0,0.09,0.03,0.12,0.15,0.03,0.15,Matches
Ben Doak,sct SCO,FW,18.0,24,21,1778.0,19.8,3.0,7.0,10.0,3.0,0.0,0.0,7.0,0.0,4.4,4.4,4.6,9.0,134.0,56.0,250.0,0.15,0.35,0.51,0.15,0.51,0.22,0.23,0.45,0.22,0.45,Matches
Emmanuel Latte Lath,ci CIV,FW,25.0,29,20,1765.0,19.6,11.0,3.0,14.0,9.0,2.0,2.0,3.0,0.0,10.6,9.0,2.3,11.3,29.0,24.0,97.0,0.56,0.15,0.71,0.46,0.61,0.54,0.12,0.66,0.46,0.58,Matches
Seny Dieng,sn SEN,GK,29.0,17,17,1530.0,17.0,0.0,0.0,0.0,0.0,0.0,0.0,0.0,0.0,0.0,0.0,0.5,0.5,0.0,0.0,0.0,0.0,0.0,0.0,0.0,0.0,0.0,0.03,0.03,0.0,0.03,Matches
Mark Travers,ie IRL,GK,25.0,17,17,1530.0,17.0,0.0,0.0,0.0,0.0,0.0,0.0,1.0,0.0,0.0,0.0,0.0,0.0,0.0,0.0,0.0,0.0,0.0,0.0,0.0,0.0,0.0,0.0,0.0,0.0,0.0,Matches
Dael Fry,eng ENG,DF,26.0,21,15,1416.0,15.7,0.0,0.0,0.0,0.0,0.0,0.0,1.0,0.0,0.4,0.4,0.4,0.9,3.0,37.0,3.0,0.0,0.0,0.0,0.0,0.0,0.03,0.03,0.06,0.03,0.06,Matches
Jonny Howson,eng ENG,"DF,MF",36.0,21,15,1396.0,15.5,1.0,0.0,1.0,1.0,0.0,0.0,0.0,0.0,0.3,0.3,0.6,0.8,16.0,93.0,16.0,0.06,0.0,0.06,0.06,0.06,0.02,0.04,0.05,0.02,0.05,Matches
Daniel Barlaser,tr TUR,MF,27.0,23,12,1155.0,12.8,1.0,1.0,2.0,1.0,0.0,0.0,2.0,0.0,0.3,0.3,2.4,2.7,11.0,83.0,22.0,0.08,0.08,0.16,0.08,0.16,0.03,0.19,0.21,0.03,0.21,Matches
Matthew Clarke,eng ENG,DF,27.0,14,12,1112.0,12.4,2.0,0.0,2.0,2.0,0.0,0.0,0.0,0.0,0.5,0.5,0.1,0.6,9.0,46.0,3.0,0.16,0.0,0.16,0.16,0.16,0.04,0.01,0.05,0.04,0.05,Matches
Samuel Iling-Junior,eng ENG,"DF,FW",20.0,16,11,1057.0,11.7,1.0,2.0,3.0,1.0,0.0,0.0,2.0,0.0,0.5,0.5,2.3,2.8,47.0,47.0,76.0,0.09,0.17,0.26,0.09,0.26,0.04,0.2,0.24,0.04,0.24,Matches
Morgan Whittaker,eng ENG,"MF,FW",23.0,16,11,990.0,11.0,0.0,1.0,1.0,0.0,0.0,0.0,0.0,0.0,1.7,1.7,1.9,3.6,33.0,35.0,81.0,0.0,0.09,0.09,0.0,0.09,0.15,0.18,0.33,0.15,0.33,Matches
Riley McGree,au AUS,FW,25.0,17,11,943.0,10.5,1.0,5.0,6.0,1.0,0.0,0.0,2.0,0.0,2.6,2.6,3.1,5.7,18.0,61.0,73.0,0.1,0.48,0.57,0.1,0.57,0.24,0.3,0.54,0.24,0.54,Matches
Kelechi Iheanacho,ng NGA,"FW,MF",27.0,15,9,765.0,8.5,1.0,2.0,3.0,1.0,0.0,0.0,0.0,0.0,2.0,2.0,0.7,2.8,12.0,24.0,40.0,0.12,0.24,0.35,0.12,0.35,0.24,0.09,0.33,0.24,0.33,Matches
Isaiah Jones,gy GUY,FW,25.0,21,8,796.0,8.8,0.0,0.0,0.0,0.0,0.0,0.0,1.0,0.0,1.7,1.7,2.2,3.8,28.0,33.0,89.0,0.0,0.0,0.0,0.0,0.0,0.19,0.25,0.43,0.19,0.43,Matches
Marcus Forss,fi FIN,FW,25.0,24,6,666.0,7.4,1.0,0.0,1.0,1.0,0.0,0.0,1.0,0.0,2.4,2.4,1.2,3.6,12.0,7.0,55.0,0.14,0.0,0.14,0.14,0.14,0.33,0.16,0.49,0.33,0.49,Matches
Tom Glover,au AUS,GK,26.0,7,6,571.0,6.3,0.0,0.0,0.0,0.0,0.0,0.0,0.0,0.0,0.0,0.0,0.2,0.2,0.0,0.0,0.0,0.0,0.0,0.0,0.0,0.0,0.0,0.03,0.03,0.0,0.03,Matches
Solomon Brynn,eng ENG,GK,23.0,6,6,509.0,5.7,0.0,0.0,0.0,0.0,0.0,0.0,0.0,0.0,0.0,0.0,0.0,0.0,0.0,0.0,0.0,0.0,0.0,0.0,0.0,0.0,0.0,0.0,0.0,0.0,0.0,Matches
Lukas Engel,dk DEN,DF,25.0,9,4,368.0,4.1,0.0,0.0,0.0,0.0,0.0,0.0,1.0,0.0,0.2,0.2,0.2,0.4,8.0,33.0,45.0,0.0,0.0,0.0,0.0,0.0,0.05,0.05,0.11,0.05,0.11,Matches
Ryan Giles,eng ENG,DF,24.0,12,3,307.0,3.4,0.0,0.0,0.0,0.0,0.0,0.0,0.0,0.0,0.1,0.1,0.1,0.1,14.0,8.0,30.0,0.0,0.0,0.0,0.0,0.0,0.02,0.02,0.03,0.02,0.03,Matches
Micah Hamilton,eng ENG,FW,20.0,13,2,316.0,3.5,0.0,0.0,0.0,0.0,0.0,0.0,0.0,0.0,0.3,0.3,0.2,0.5,21.0,22.0,39.0,0.0,0.0,0.0,0.0,0.0,0.08,0.06,0.14,0.08,0.14,Matches
Alexander Gilbert,ie IRL,MF,22.0,7,0,77.0,0.9,1.0,0.0,1.0,1.0,0.0,0.0,0.0,0.0,0.1,0.1,0.3,0.4,1.0,11.0,8.0,1.17,0.0,1.17,1.17,1.17,0.15,0.32,0.46,0.15,0.46,Matches
Josh Coburn,eng ENG,MF,21.0,2,0,6.0,0.1,0.0,0.0,0.0,0.0,0.0,0.0,0.0,0.0,0.0,0.0,0.0,0.0,0.0,0.0,1.0,0.0,0.0,0.0,0.0,0.0,0.0,0.0,0.0,0.0,0.0,Matches
George McCormick,eng ENG,FW,19.0,1,0,1.0,0.0,0.0,0.0,0.0,0.0,0.0,0.0,0.0,0.0,0.0,0.0,0.0,0.0,0.0,0.0,0.0,0.0,0.0,0.0,0.0,0.0,0.0,0.0,0.0,0.0,0.0,Matches
Nathan Simpson,eng ENG,FW,20.0,1,0,1.0,0.0,0.0,0.0,0.0,0.0,0.0,0.0,0.0,0.0,0.0,0.0,0.0,0.0,0.0,0.0,1.0,0.0,0.0,0.0,0.0,0.0,0.0,0.0,0.0,0.0,0.0,Matches
Finley Cartwright,eng ENG,MF,17.0,0,0,,,,,,,,,,,,,,,,,,,,,,,,,,,,Matches
Shea Connor,eng ENG,GK,18.0,0,0,,,,,,,,,,,,,,,,,,,,,,,,,,,,Matches
Josh Dede,sct SCO,DF,18.0,0,0,,,,,,,,,,,,,,,,,,,,,,,,,,,,Matches
Sonny Finch,eng ENG,FW,18.0,0,0,,,,,,,,,,,,,,,,,,,,,,,,,,,,Matches
Isaac Greenup,,MF,,0,0,,,,,,,,,,,,,,,,,,,,,,,,,,,,Matches
Harley Hunt,,DF,,0,0,,,,,,,,,,,,,,,,,,,,,,,,,,,,Matches
Darragh Lenihan,ie IRL,"DF,FW",30.0,0,0,,,,,,,,,,,,,,,,,,,,,,,,,,,,Matches
Charlie Lennon,eng ENG,MF,18.0,0,0,,,,,,,,,,,,,,,,,,,,,,,,,,,,Matches
Law McCabe,eng ENG,MF,18.0,0,0,,,,,,,,,,,,,,,,,,,,,,,,,,,,Matches
Anton Palmer,eng ENG,MF,15.0,0,0,,,,,,,,,,,,,,,,,,,,,,,,,,,,Matches
Bailey Palmer,eng ENG,MF,15.0,0,0,,,,,,,,,,,,,,,,,,,,,,,,,,,,Matches
Luke Woolston,eng ENG,DF,19.0,0,0,,,,,,,,,,,,,,,,,,,,,,,,,,,,Matches
Opponent Total,,,26.0,46,506,4140.0,46.0,53.0,39.0,92.0,53.0,0.0,0.0,99.0,2.0,55.5,55.5,40.7,96.2,612.0,1510.0,1485.0,1.15,0.85,2.0,1.15,2.0,1.21,0.88,2.09,1.21,2.09,
Lawrence Vigouroux,cl CHI,GK,30.0,46,46,4140.0,46.0,0.0,0.0,0.0,0.0,0.0,0.0,0.0,0.0,0.0,0.0,0.0,0.0,0.0,1.0,0.0,0.0,0.0,0.0,0.0,0.0,0.0,0.0,0.0,0.0,0.0,Matches
Ben Cabango,wls WAL,DF,24.0,45,45,4032.0,44.8,2.0,1.0,3.0,2.0,0.0,0.0,9.0,0.0,2.6,2.6,0.7,3.2,31.0,214.0,13.0,0.04,0.02,0.07,0.04,0.07,0.06,0.01,0.07,0.06,0.07,Matches
Josh Tymon,eng ENG,DF,25.0,45,44,3940.0,43.8,2.0,7.0,9.0,2.0,0.0,1.0,7.0,0.0,2.8,2.0,10.0,12.1,137.0,172.0,225.0,0.05,0.16,0.21,0.05,0.21,0.06,0.23,0.29,0.05,0.28,Matches
Ronald,br BRA,"FW,MF",23.0,46,43,3761.0,41.8,2.0,7.0,9.0,2.0,0.0,0.0,3.0,0.0,3.8,3.8,6.8,10.6,166.0,89.0,393.0,0.05,0.17,0.22,0.05,0.22,0.09,0.16,0.25,0.09,0.25,Matches
Josh Key,eng ENG,DF,24.0,45,39,3469.0,38.5,1.0,3.0,4.0,1.0,0.0,0.0,3.0,0.0,1.3,1.3,2.9,4.2,119.0,193.0,160.0,0.03,0.08,0.1,0.03,0.1,0.03,0.08,0.11,0.03,0.11,Matches
Gonçalo Franco,pt POR,MF,23.0,40,39,3141.0,34.9,2.0,2.0,4.0,2.0,0.0,0.0,6.0,0.0,4.2,4.2,2.0,6.2,23.0,138.0,82.0,0.06,0.06,0.11,0.06,0.11,0.12,0.06,0.18,0.12,0.18,Matches
Harry Darling,eng ENG,DF,24.0,39,38,3335.0,37.1,5.0,3.0,8.0,5.0,0.0,0.0,4.0,1.0,4.2,4.2,1.9,6.1,39.0,137.0,8.0,0.13,0.08,0.22,0.13,0.22,0.11,0.05,0.16,0.11,0.16,Matches
Liam Cullen,wls WAL,"MF,FW",25.0,42,35,2995.0,33.3,11.0,3.0,14.0,11.0,0.0,0.0,8.0,0.0,8.9,8.9,3.8,12.7,22.0,74.0,96.0,0.33,0.09,0.42,0.33,0.42,0.27,0.11,0.38,0.27,0.38,Matches
Matt Grimes,eng ENG,MF,29.0,29,29,2610.0,29.0,2.0,1.0,3.0,1.0,1.0,1.0,4.0,0.0,1.6,0.8,3.3,4.0,36.0,254.0,24.0,0.07,0.03,0.1,0.03,0.07,0.05,0.11,0.17,0.03,0.14,Matches
Eom Jisung,kr KOR,"FW,MF",22.0,37,28,2287.0,25.4,3.0,2.0,5.0,3.0,0.0,0.0,2.0,0.0,6.1,6.1,3.2,9.3,55.0,62.0,178.0,0.12,0.08,0.2,0.12,0.2,0.24,0.13,0.37,0.24,0.37,Matches
Žan Vipotnik,si SVN,FW,22.0,42,24,2087.0,23.2,7.0,0.0,7.0,6.0,1.0,1.0,1.0,0.0,9.7,9.0,0.8,9.8,7.0,10.0,64.0,0.3,0.0,0.3,0.26,0.26,0.42,0.03,0.45,0.39,0.42,Matches
Myles Peart-Harris,eng ENG,"FW,MF",21.0,29,18,1665.0,18.5,3.0,4.0,7.0,3.0,0.0,0.0,6.0,0.0,3.1,3.1,2.4,5.5,47.0,42.0,135.0,0.16,0.22,0.38,0.16,0.38,0.17,0.13,0.3,0.17,0.3,Matches
Lewis O'Brien,eng ENG,MF,25.0,16,16,1419.0,15.8,1.0,0.0,1.0,1.0,0.0,0.0,2.0,0.0,1.3,1.3,1.1,2.3,29.0,58.0,45.0,0.06,0.0,0.06,0.06,0.06,0.08,0.07,0.15,0.08,0.15,Matches
Jay Fulton,sct SCO,MF,30.0,31,13,1289.0,14.3,1.0,0.0,1.0,1.0,0.0,0.0,6.0,0.0,1.6,1.6,0.7,2.3,6.0,51.0,23.0,0.07,0.0,0.07,0.07,0.07,0.11,0.05,0.16,0.11,0.16,Matches
Oliver Cooper,wls WAL,"MF,FW",24.0,28,10,1042.0,11.6,1.0,1.0,2.0,1.0,0.0,0.0,0.0,0.0,0.6,0.6,1.7,2.3,29.0,36.0,54.0,0.09,0.09,0.17,0.09,0.17,0.05,0.15,0.2,0.05,0.2,Matches
Hannes Delcroix,be BEL,DF,25.0,12,10,888.0,9.9,0.0,0.0,0.0,0.0,0.0,0.0,2.0,0.0,0.2,0.2,0.1,0.4,4.0,40.0,3.0,0.0,0.0,0.0,0.0,0.0,0.02,0.01,0.04,0.02,0.04,Matches
Kyle Naughton,eng ENG,DF,35.0,23,9,826.0,9.2,0.0,0.0,0.0,0.0,0.0,0.0,1.0,0.0,0.0,0.0,0.6,0.6,12.0,43.0,14.0,0.0,0.0,0.0,0.0,0.0,0.0,0.06,0.06,0.0,0.06,Matches
Florian Bianchini,fr FRA,FW,23.0,36,8,1103.0,12.3,3.0,0.0,3.0,3.0,0.0,0.0,2.0,0.0,4.4,4.4,1.1,5.5,12.0,17.0,55.0,0.24,0.0,0.24,0.24,0.24,0.36,0.09,0.45,0.36,0.45,Matches
Joe Allen,wls WAL,MF,34.0,25,8,709.0,7.9,1.0,1.0,2.0,1.0,0.0,0.0,2.0,0.0,0.9,0.9,0.4,1.3,7.0,40.0,19.0,0.13,0.13,0.25,0.13,0.25,0.12,0.05,0.16,0.12,0.16,Matches
Azeem Abdulai,sct SCO,"FW,MF",21.0,17,2,348.0,3.9,1.0,0.0,1.0,1.0,0.0,0.0,1.0,0.0,0.4,0.4,0.2,0.6,8.0,10.0,53.0,0.26,0.0,0.26,0.26,0.26,0.11,0.05,0.16,0.11,0.16,Matches
Cyrus Christie,ie IRL,DF,31.0,11,2,282.0,3.1,0.0,0.0,0.0,0.0,0.0,0.0,1.0,0.0,0.0,0.0,0.0,0.0,5.0,12.0,3.0,0.0,0.0,0.0,0.0,0.0,0.0,0.0,0.0,0.0,0.0,Matches
Samuel Parker,wls WAL,"FW,DF",18.0,7,0,86.0,1.0,0.0,0.0,0.0,0.0,0.0,0.0,0.0,0.0,0.1,0.1,0.0,0.1,1.0,1.0,13.0,0.0,0.0,0.0,0.0,0.0,0.14,0.0,0.14,0.14,0.14,Matches
Josh Ginnelly,eng ENG,FW,27.0,3,0,33.0,0.4,0.0,0.0,0.0,0.0,0.0,0.0,0.0,0.0,0.0,0.0,0.0,0.0,5.0,1.0,8.0,0.0,0.0,0.0,0.0,0.0,0.0,0.0,0.0,0.0,0.0,Matches
Ben Lloyd,wls WAL,"MF,FW",19.0,2,0,8.0,0.1,0.0,0.0,0.0,0.0,0.0,0.0,0.0,0.0,0.0,0.0,0.0,0.0,1.0,1.0,2.0,0.0,0.0,0.0,0.0,0.0,0.0,0.0,0.0,0.0,0.0,Matches
Nathan Tjoe-A-On,id IDN,DF,22.0,1,0,3.0,0.0,0.0,0.0,0.0,0.0,0.0,0.0,0.0,0.0,0.0,0.0,0.0,0.0,0.0,1.0,1.0,0.0,0.0,0.0,0.0,0.0,0.0,0.0,0.0,0.0,0.0,Matches
Joshua Thomas,wls WAL,MF,21.0,1,0,1.0,0.0,0.0,0.0,0.0,0.0,0.0,0.0,1.0,0.0,0.0,0.0,0.0,0.0,0.0,0.0,0.0,0.0,0.0,0.0,0.0,0.0,0.0,0.0,0.0,0.0,0.0,Matches
Nelson Abbey,eng ENG,DF,20.0,0,0,,,,,,,,,,,,,,,,,,,,,,,,,,,,Matches
Nathan Broome,eng ENG,GK,22.0,0,0,,,,,,,,,,,,,,,,,,,,,,,,,,,,Matches
Aimar Govea,ec ECU,FW,18.0,0,0,,,,,,,,,,,,,,,,,,,,,,,,,,,,Matches
Kit Margetson,wls WAL,GK,18.0,0,0,,,,,,,,,,,,,,,,,,,,,,,,,,,,Matches
Jon McLaughlin,sct SCO,GK,36.0,0,0,,,,,,,,,,,,,,,,,,,,,,,,,,,,Matches
Arthur Parker,eng ENG,DF,18.0,0,0,,,,,,,,,,,,,,,,,,,,,,,,,,,,Matches
Kristian Pedersen,dk DEN,"DF,MF",29.0,0,0,,,,,,,,,,,,,,,,,,,,,,,,,,,,Matches
Daniel Watts,wls WAL,DF,18.0,0,0,,,,,,,,,,,,,,,,,,,,,,,,,,,,Matches
Opponent Total,,,25.8,46,506,4140.0,46.0,53.0,31.0,84.0,49.0,4.0,4.0,97.0,2.0,57.6,54.4,39.2,93.6,598.0,1250.0,1229.0,1.15,0.67,1.83,1.07,1.74,1.25,0.85,2.1,1.18,2.03,
Shea Charles,nir NIR,"MF,DF",20.0,43,42,3631.0,40.3,1.0,5.0,6.0,1.0,0.0,0.0,10.0,0.0,2.0,2.0,4.0,6.0,56.0,207.0,66.0,0.02,0.12,0.15,0.02,0.15,0.05,0.1,0.15,0.05,0.15,Matches
Barry Bannan,sct SCO,MF,34.0,41,40,3461.0,38.5,4.0,5.0,9.0,4.0,0.0,0.0,7.0,0.0,2.6,2.6,6.5,9.0,40.0,324.0,62.0,0.1,0.13,0.23,0.1,0.23,0.07,0.17,0.24,0.07,0.24,Matches
James Beadle,eng ENG,GK,20.0,38,38,3420.0,38.0,0.0,0.0,0.0,0.0,0.0,0.0,2.0,0.0,0.0,0.0,0.0,0.0,0.0,0.0,0.0,0.0,0.0,0.0,0.0,0.0,0.0,0.0,0.0,0.0,0.0,Matches
Josh Windass,eng ENG,"MF,FW",30.0,44,38,3222.0,35.8,13.0,5.0,18.0,12.0,1.0,2.0,8.0,0.0,15.0,13.4,4.7,18.1,73.0,143.0,175.0,0.36,0.14,0.5,0.34,0.47,0.42,0.13,0.55,0.37,0.51,Matches
Yan Valery,tn TUN,"DF,MF",25.0,39,38,3154.0,35.0,3.0,4.0,7.0,3.0,0.0,0.0,7.0,0.0,1.5,1.5,4.4,5.8,61.0,88.0,129.0,0.09,0.11,0.2,0.09,0.2,0.04,0.12,0.17,0.04,0.17,Matches
Djeidi Gassama,fr FRA,"MF,FW",20.0,43,36,2975.0,33.1,7.0,1.0,8.0,7.0,0.0,0.0,4.0,0.0,6.0,6.0,2.5,8.5,107.0,64.0,203.0,0.21,0.03,0.24,0.21,0.24,0.18,0.08,0.26,0.18,0.26,Matches
Max Lowe,eng ENG,DF,27.0,34,31,2684.0,29.8,0.0,0.0,0.0,0.0,0.0,0.0,2.0,0.0,0.0,0.0,0.8,0.8,14.0,100.0,30.0,0.0,0.0,0.0,0.0,0.0,0.0,0.03,0.03,0.0,0.03,Matches
Marvin Johnson,eng ENG,"DF,MF",33.0,41,30,2795.0,31.1,0.0,2.0,2.0,0.0,0.0,0.0,3.0,0.0,0.8,0.8,5.2,6.0,73.0,134.0,148.0,0.0,0.06,0.06,0.0,0.06,0.03,0.17,0.19,0.03,0.19,Matches
Di'Shon Bernard,jm JAM,DF,23.0,27,26,2235.0,24.8,2.0,0.0,2.0,2.0,0.0,0.0,9.0,2.0,2.0,2.0,0.4,2.4,5.0,57.0,7.0,0.08,0.0,0.08,0.08,0.08,0.08,0.02,0.1,0.08,0.1,Matches
Michael Ihiekwe,eng ENG,DF,31.0,22,20,1821.0,20.2,2.0,0.0,2.0,2.0,0.0,0.0,2.0,0.0,1.7,1.7,0.3,2.0,5.0,31.0,7.0,0.1,0.0,0.1,0.1,0.1,0.08,0.01,0.1,0.08,0.1,Matches
Svante Ingelsson,se SWE,"MF,FW",26.0,35,19,1692.0,18.8,1.0,5.0,6.0,1.0,0.0,0.0,5.0,0.0,2.5,2.5,4.3,6.8,31.0,44.0,87.0,0.05,0.27,0.32,0.05,0.32,0.13,0.23,0.36,0.13,0.36,Matches
Dominic Iorfa,eng ENG,DF,29.0,22,17,1435.0,15.9,1.0,0.0,1.0,1.0,0.0,0.0,4.0,0.0,1.0,1.0,0.4,1.4,8.0,27.0,13.0,0.06,0.0,0.06,0.06,0.06,0.07,0.02,0.09,0.07,0.09,Matches
Michael Smith,eng ENG,FW,32.0,41,16,1844.0,20.5,8.0,4.0,12.0,7.0,1.0,1.0,3.0,0.0,7.9,7.1,3.6,10.7,8.0,31.0,85.0,0.39,0.2,0.59,0.34,0.54,0.39,0.18,0.56,0.35,0.53,Matches
Ike Ugbo,ca CAN,FW,25.0,34,15,1278.0,14.2,0.0,0.0,0.0,0.0,0.0,1.0,1.0,0.0,4.1,3.3,1.4,4.7,4.0,19.0,49.0,0.0,0.0,0.0,0.0,0.0,0.29,0.1,0.39,0.23,0.33,Matches
Callum Paterson,sct SCO,"FW,MF",29.0,27,14,1187.0,13.2,6.0,2.0,8.0,6.0,0.0,0.0,2.0,0.0,4.4,4.4,2.3,6.7,8.0,13.0,55.0,0.45,0.15,0.61,0.45,0.61,0.33,0.17,0.51,0.33,0.51,Matches
Pol Valentín,es ESP,"DF,MF",27.0,34,13,1527.0,17.0,1.0,0.0,1.0,1.0,0.0,0.0,4.0,0.0,0.9,0.9,2.5,3.3,65.0,37.0,101.0,0.06,0.0,0.06,0.06,0.06,0.05,0.15,0.2,0.05,0.2,Matches
Anthony Musaba,nl NED,"FW,MF",23.0,29,12,1328.0,14.8,3.0,6.0,9.0,3.0,0.0,0.0,0.0,0.0,4.5,4.5,2.6,7.1,67.0,26.0,111.0,0.2,0.41,0.61,0.2,0.61,0.31,0.17,0.48,0.31,0.48,Matches
Jamal Lowe,jm JAM,"FW,MF",30.0,24,12,960.0,10.7,3.0,2.0,5.0,3.0,0.0,0.0,2.0,0.0,3.0,3.0,0.3,3.3,15.0,25.0,54.0,0.28,0.19,0.47,0.28,0.47,0.28,0.03,0.31,0.28,0.31,Matches
Akin Famewo,eng ENG,DF,25.0,13,11,938.0,10.4,0.0,1.0,1.0,0.0,0.0,0.0,2.0,0.0,0.3,0.3,0.1,0.4,1.0,22.0,0.0,0.0,0.1,0.1,0.0,0.1,0.03,0.01,0.04,0.03,0.04,Matches
Pierce Charles,nir NIR,GK,19.0,8,8,720.0,8.0,0.0,0.0,0.0,0.0,0.0,0.0,1.0,0.0,0.0,0.0,0.0,0.0,0.0,0.0,0.0,0.0,0.0,0.0,0.0,0.0,0.0,0.0,0.0,0.0,0.0,Matches
Liam Palmer,sct SCO,"DF,MF",32.0,23,7,876.0,9.7,0.0,0.0,0.0,0.0,0.0,0.0,3.0,0.0,0.6,0.6,0.2,0.8,8.0,40.0,16.0,0.0,0.0,0.0,0.0,0.0,0.06,0.02,0.08,0.06,0.08,Matches
Stuart Armstrong,sct SCO,"MF,FW",32.0,11,6,536.0,6.0,0.0,1.0,1.0,0.0,0.0,0.0,0.0,0.0,1.1,1.1,1.0,2.1,14.0,25.0,31.0,0.0,0.17,0.17,0.0,0.17,0.19,0.17,0.36,0.19,0.36,Matches
Ryo Hatsuse,jp JPN,"DF,MF",27.0,6,5,348.0,3.9,0.0,0.0,0.0,0.0,0.0,0.0,1.0,0.0,0.0,0.0,0.1,0.2,10.0,10.0,11.0,0.0,0.0,0.0,0.0,0.0,0.01,0.04,0.04,0.01,0.04,Matches
Gabriel Otegbayo,,DF,,11,4,480.0,5.3,1.0,0.0,1.0,1.0,0.0,0.0,0.0,0.0,0.8,0.8,0.0,0.8,1.0,4.0,1.0,0.19,0.0,0.19,0.19,0.19,0.15,0.0,0.15,0.15,0.15,Matches
Nathaniel Chalobah,eng ENG,MF,29.0,16,4,444.0,4.9,0.0,0.0,0.0,0.0,0.0,0.0,3.0,0.0,0.4,0.4,0.0,0.4,5.0,23.0,1.0,0.0,0.0,0.0,0.0,0.0,0.07,0.0,0.07,0.07,0.07,Matches
Olaf Kobacki,pl POL,"FW,MF",23.0,12,4,369.0,4.1,0.0,0.0,0.0,0.0,0.0,0.0,1.0,0.0,0.8,0.8,0.2,1.0,12.0,10.0,25.0,0.0,0.0,0.0,0.0,0.0,0.2,0.04,0.24,0.2,0.24,Matches
Charlie McNeill,eng ENG,"MF,FW",20.0,4,0,57.0,0.6,0.0,0.0,0.0,0.0,0.0,0.0,0.0,0.0,0.0,0.0,0.0,0.0,0.0,2.0,5.0,0.0,0.0,0.0,0.0,0.0,0.03,0.0,0.03,0.03,0.03,Matches
Ibrahim Cissoko,nl NED,"FW,MF",21.0,5,0,56.0,0.6,0.0,0.0,0.0,0.0,0.0,0.0,1.0,0.0,0.0,0.0,0.0,0.0,1.0,1.0,9.0,0.0,0.0,0.0,0.0,0.0,0.0,0.0,0.0,0.0,0.0,Matches
Bambo Diaby,sn SEN,DF,26.0,0,0,,,,,,,,,,,,,,,,,,,,,,,,,,,,Matches
Sean Fusire,zw ZIM,MF,19.0,0,0,,,,,,,,,,,,,,,,,,,,,,,,,,,,Matches
Ben Hamer,eng ENG,GK,36.0,0,0,,,,,,,,,,,,,,,,,,,,,,,,,,,,Matches
Opponent Total,,,25.7,46,506,4140.0,46.0,69.0,45.0,114.0,65.0,4.0,6.0,87.0,2.0,62.6,58.0,39.1,97.0,581.0,1362.0,1345.0,1.5,0.98,2.48,1.41,2.39,1.36,0.85,2.21,1.26,2.11,
Shane Duffy,ie IRL,DF,32.0,45,45,4040.0,44.9,4.0,0.0,4.0,4.0,0.0,0.0,4.0,0.0,3.2,3.2,1.5,4.8,16.0,119.0,8.0,0.09,0.0,0.09,0.09,0.09,0.07,0.03,0.11,0.07,0.11,Matches
Borja Sainz,es ESP,FW,23.0,41,41,3607.0,40.1,18.0,4.0,22.0,18.0,0.0,0.0,8.0,0.0,15.0,15.0,5.0,20.0,121.0,111.0,288.0,0.45,0.1,0.55,0.45,0.55,0.37,0.13,0.5,0.37,0.5,Matches
Callum Doyle,eng ENG,DF,20.0,40,38,3440.0,38.2,1.0,7.0,8.0,1.0,0.0,0.0,11.0,0.0,1.5,1.5,3.8,5.3,36.0,191.0,62.0,0.03,0.18,0.21,0.03,0.21,0.04,0.1,0.14,0.04,0.14,Matches
Angus Gunn,sct SCO,GK,28.0,35,35,3104.0,34.5,0.0,0.0,0.0,0.0,0.0,0.0,1.0,0.0,0.0,0.0,0.0,0.0,0.0,0.0,0.0,0.0,0.0,0.0,0.0,0.0,0.0,0.0,0.0,0.0,0.0,Matches
Kellen Fisher,eng ENG,"DF,MF",20.0,38,34,2692.0,29.9,0.0,4.0,4.0,0.0,0.0,0.0,10.0,0.0,1.7,1.7,2.6,4.2,45.0,98.0,118.0,0.0,0.13,0.13,0.0,0.13,0.06,0.09,0.14,0.06,0.14,Matches
Kenny McLean,sct SCO,"MF,DF",32.0,34,33,2994.0,33.3,0.0,4.0,4.0,0.0,0.0,0.0,6.0,1.0,0.6,0.6,3.6,4.2,51.0,190.0,38.0,0.0,0.12,0.12,0.0,0.12,0.02,0.11,0.13,0.02,0.13,Matches
Ante Crnac,hr CRO,FW,20.0,38,29,2495.0,27.7,7.0,4.0,11.0,7.0,0.0,0.0,2.0,0.0,5.5,5.5,4.7,10.1,37.0,36.0,100.0,0.25,0.14,0.4,0.25,0.4,0.2,0.17,0.37,0.2,0.37,Matches
Josh Sargent,us USA,FW,24.0,32,28,2500.0,27.8,15.0,5.0,20.0,14.0,1.0,2.0,3.0,0.0,13.4,11.8,4.4,16.2,32.0,47.0,120.0,0.54,0.18,0.72,0.5,0.68,0.48,0.16,0.64,0.42,0.58,Matches
Marcelino Núñez,cl CHI,MF,24.0,32,27,2245.0,24.9,6.0,4.0,10.0,6.0,0.0,0.0,5.0,0.0,4.4,4.4,4.8,9.2,32.0,147.0,57.0,0.24,0.16,0.4,0.24,0.4,0.17,0.19,0.37,0.17,0.37,Matches
Emiliano Marcondes,dk DEN,"MF,FW",29.0,33,25,2280.0,25.3,5.0,6.0,11.0,5.0,0.0,0.0,5.0,0.0,6.1,6.1,3.3,9.4,29.0,114.0,115.0,0.2,0.24,0.43,0.2,0.43,0.24,0.13,0.37,0.24,0.37,Matches
Anis Ben Slimane,tn TUN,MF,23.0,33,25,2091.0,23.2,2.0,2.0,4.0,2.0,0.0,0.0,6.0,0.0,2.1,2.1,2.7,4.8,29.0,90.0,76.0,0.09,0.09,0.17,0.09,0.17,0.09,0.12,0.21,0.09,0.21,Matches
José Cordoba,pa PAN,DF,23.0,34,24,2103.0,23.4,1.0,0.0,1.0,1.0,0.0,0.0,4.0,1.0,0.7,0.7,0.4,1.1,7.0,62.0,4.0,0.04,0.0,0.04,0.04,0.04,0.03,0.02,0.05,0.03,0.05,Matches
Jack Stacey,eng ENG,DF,28.0,41,20,2143.0,23.8,2.0,6.0,8.0,2.0,0.0,0.0,5.0,0.0,1.8,1.8,3.2,5.0,73.0,56.0,160.0,0.08,0.25,0.34,0.08,0.34,0.08,0.13,0.21,0.08,0.21,Matches
Oscar Schwartau,dk DEN,"FW,MF",18.0,40,17,1564.0,17.4,1.0,0.0,1.0,1.0,0.0,0.0,3.0,0.0,3.3,3.3,1.8,5.0,30.0,49.0,93.0,0.06,0.0,0.06,0.06,0.06,0.19,0.1,0.29,0.19,0.29,Matches
Jakob Sørensen,dk DEN,"MF,DF",26.0,27,14,1327.0,14.7,0.0,0.0,0.0,0.0,0.0,0.0,2.0,0.0,0.4,0.4,0.4,0.9,13.0,70.0,12.0,0.0,0.0,0.0,0.0,0.0,0.03,0.03,0.06,0.03,0.06,Matches
Benjamin Chrisene,eng ENG,DF,20.0,26,12,1150.0,12.8,1.0,0.0,1.0,1.0,0.0,0.0,2.0,0.0,0.9,0.9,1.8,2.7,29.0,42.0,51.0,0.08,0.0,0.08,0.08,0.08,0.07,0.14,0.21,0.07,0.21,Matches
Jacob Wright,eng ENG,MF,18.0,15,10,888.0,9.9,0.0,4.0,4.0,0.0,0.0,0.0,2.0,0.0,0.3,0.3,1.5,1.8,4.0,60.0,10.0,0.0,0.41,0.41,0.0,0.41,0.03,0.15,0.18,0.03,0.18,Matches
George Long,eng ENG,GK,30.0,9,8,765.0,8.5,0.0,0.0,0.0,0.0,0.0,0.0,0.0,0.0,0.0,0.0,0.0,0.0,0.0,0.0,0.0,0.0,0.0,0.0,0.0,0.0,0.0,0.0,0.0,0.0,0.0,Matches
Amankwah Forson,gh GHA,"MF,FW",21.0,21,8,727.0,8.1,2.0,2.0,4.0,2.0,0.0,0.0,2.0,0.0,1.3,1.3,1.3,2.5,11.0,28.0,38.0,0.25,0.25,0.5,0.25,0.5,0.16,0.16,0.32,0.16,0.32,Matches
Lewis Dobbin,eng ENG,FW,21.0,10,8,640.0,7.1,2.0,0.0,2.0,2.0,0.0,0.0,1.0,0.0,1.1,1.1,0.6,1.7,20.0,12.0,58.0,0.28,0.0,0.28,0.28,0.28,0.16,0.08,0.24,0.16,0.24,Matches
Lucien Mahovo,eng ENG,DF,19.0,8,6,524.0,5.8,0.0,0.0,0.0,0.0,0.0,0.0,0.0,0.0,0.5,0.5,1.2,1.7,7.0,22.0,29.0,0.0,0.0,0.0,0.0,0.0,0.08,0.21,0.29,0.08,0.29,Matches
Onel Hernández,cu CUB,"FW,MF",31.0,23,5,639.0,7.1,0.0,3.0,3.0,0.0,0.0,0.0,2.0,0.0,0.8,0.8,1.0,1.8,41.0,13.0,88.0,0.0,0.42,0.42,0.0,0.42,0.11,0.14,0.25,0.11,0.25,Matches
Vicente Reyes,cl CHI,GK,20.0,4,3,271.0,3.0,0.0,0.0,0.0,0.0,0.0,0.0,0.0,0.0,0.0,0.0,0.0,0.0,0.0,0.0,0.0,0.0,0.0,0.0,0.0,0.0,0.0,0.0,0.0,0.0,0.0,Matches
Ruairi Mcconville,nir NIR,DF,19.0,8,3,205.0,2.3,0.0,0.0,0.0,0.0,0.0,0.0,0.0,0.0,0.2,0.2,0.0,0.2,4.0,9.0,2.0,0.0,0.0,0.0,0.0,0.0,0.09,0.0,0.09,0.09,0.09,Matches
Gabriel Forsyth,sct SCO,"MF,FW",17.0,5,2,163.0,1.8,0.0,0.0,0.0,0.0,0.0,0.0,0.0,0.0,0.1,0.1,0.0,0.1,1.0,13.0,6.0,0.0,0.0,0.0,0.0,0.0,0.04,0.01,0.05,0.04,0.05,Matches
Liam Gibbs,eng ENG,"MF,FW",21.0,9,1,212.0,2.4,0.0,0.0,0.0,0.0,0.0,0.0,0.0,0.0,0.2,0.2,0.2,0.4,9.0,5.0,16.0,0.0,0.0,0.0,0.0,0.0,0.08,0.1,0.17,0.08,0.17,Matches
Kaide Gordon,eng ENG,"FW,MF",19.0,10,1,181.0,2.0,1.0,0.0,1.0,1.0,0.0,0.0,1.0,0.0,0.4,0.4,0.0,0.4,6.0,10.0,12.0,0.5,0.0,0.5,0.5,0.5,0.2,0.0,0.2,0.2,0.2,Matches
Ashley Barnes,eng ENG,"FW,MF",34.0,8,1,173.0,1.9,0.0,0.0,0.0,0.0,0.0,0.0,1.0,0.0,0.3,0.3,0.0,0.3,0.0,8.0,6.0,0.0,0.0,0.0,0.0,0.0,0.16,0.0,0.16,0.16,0.16,Matches
Matěj Jurásek,cz CZE,"FW,MF",20.0,2,1,83.0,0.9,0.0,0.0,0.0,0.0,0.0,0.0,0.0,0.0,0.0,0.0,0.0,0.0,5.0,4.0,9.0,0.0,0.0,0.0,0.0,0.0,0.0,0.0,0.0,0.0,0.0,Matches
Christian Fassnacht,ch SUI,"FW,DF",30.0,3,1,82.0,0.9,0.0,0.0,0.0,0.0,0.0,0.0,0.0,0.0,0.5,0.5,0.0,0.5,0.0,3.0,8.0,0.0,0.0,0.0,0.0,0.0,0.55,0.0,0.55,0.55,0.55,Matches
Grant Hanley,sct SCO,DF,32.0,3,1,79.0,0.9,0.0,0.0,0.0,0.0,0.0,0.0,0.0,0.0,0.0,0.0,0.0,0.0,0.0,0.0,1.0,0.0,0.0,0.0,0.0,0.0,0.02,0.0,0.02,0.02,0.02,Matches
Elliot Myles,wls WAL,MF,17.0,3,0,45.0,0.5,0.0,0.0,0.0,0.0,0.0,0.0,0.0,0.0,0.0,0.0,0.0,0.0,1.0,1.0,3.0,0.0,0.0,0.0,0.0,0.0,0.0,0.0,0.0,0.0,0.0,Matches
Adam Idah,ie IRL,FW,23.0,1,0,30.0,0.3,0.0,0.0,0.0,0.0,0.0,0.0,0.0,0.0,0.0,0.0,0.1,0.1,1.0,0.0,4.0,0.0,0.0,0.0,0.0,0.0,0.0,0.35,0.35,0.0,0.35,Matches
Abu Kamara,eng ENG,FW,21.0,2,0,17.0,0.2,0.0,0.0,0.0,0.0,0.0,0.0,0.0,0.0,0.0,0.0,0.0,0.0,1.0,0.0,5.0,0.0,0.0,0.0,0.0,0.0,0.0,0.0,0.0,0.0,0.0,Matches
Brad Hills,eng ENG,DF,20.0,3,0,16.0,0.2,0.0,0.0,0.0,0.0,0.0,0.0,0.0,0.0,0.0,0.0,0.0,0.0,0.0,0.0,1.0,0.0,0.0,0.0,0.0,0.0,0.0,0.0,0.0,0.0,0.0,Matches
Ken Aboh,eng ENG,FW,19.0,0,0,,,,,,,,,,,,,,,,,,,,,,,,,,,,Matches
Daniel Barden,wls WAL,GK,23.0,0,0,,,,,,,,,,,,,,,,,,,,,,,,,,,,Matches
Aidan Bridge,eng ENG,MF,19.0,0,0,,,,,,,,,,,,,,,,,,,,,,,,,,,,Matches
Uriah Djedje,eng ENG,MF,18.0,0,0,,,,,,,,,,,,,,,,,,,,,,,,,,,,Matches
Dylan Jones,,FW,,0,0,,,,,,,,,,,,,,,,,,,,,,,,,,,,Matches
Archie Mair,sct SCO,GK,23.0,0,0,,,,,,,,,,,,,,,,,,,,,,,,,,,,Matches
Errol Mundle-Smith,eng ENG,FW,18.0,0,0,,,,,,,,,,,,,,,,,,,,,,,,,,,,Matches
Tony Springett,ie IRL,MF,21.0,0,0,,,,,,,,,,,,,,,,,,,,,,,,,,,,Matches
Jaden Warner,eng ENG,DF,21.0,0,0,,,,,,,,,,,,,,,,,,,,,,,,,,,,Matches
Opponent Total,,,25.8,46,506,4140.0,46.0,66.0,48.0,114.0,60.0,6.0,7.0,99.0,3.0,54.3,48.9,38.3,87.1,691.0,1467.0,1454.0,1.43,1.04,2.48,1.3,2.35,1.18,0.83,2.01,1.06,1.89,
Matthew Pollock,eng ENG,DF,22.0,45,42,3815.0,42.4,2.0,4.0,6.0,2.0,0.0,0.0,7.0,0.0,2.7,2.7,1.5,4.2,25.0,160.0,17.0,0.05,0.09,0.14,0.05,0.14,0.06,0.04,0.1,0.06,0.1,Matches
Giorgi Chakvetadze,ge GEO,"MF,FW",24.0,39,37,3281.0,36.5,2.0,6.0,8.0,2.0,0.0,0.0,6.0,0.0,3.6,3.6,8.1,11.6,209.0,205.0,197.0,0.05,0.16,0.22,0.05,0.22,0.1,0.22,0.32,0.1,0.32,Matches
Edo Kayembe,cd COD,"MF,FW",26.0,44,37,3196.0,35.5,8.0,1.0,9.0,6.0,2.0,2.0,11.0,1.0,6.2,4.7,1.3,6.0,42.0,115.0,121.0,0.23,0.03,0.25,0.17,0.2,0.18,0.04,0.21,0.13,0.17,Matches
Moussa Sissoko,fr FRA,"MF,FW",34.0,40,33,2888.0,32.1,6.0,1.0,7.0,6.0,0.0,0.0,6.0,1.0,3.5,3.5,2.9,6.5,37.0,98.0,112.0,0.19,0.03,0.22,0.19,0.22,0.11,0.09,0.2,0.11,0.2,Matches
Imran Louza,ma MAR,MF,25.0,33,30,2677.0,29.7,2.0,5.0,7.0,2.0,0.0,0.0,11.0,0.0,2.0,2.0,4.1,6.1,33.0,175.0,45.0,0.07,0.17,0.24,0.07,0.24,0.07,0.14,0.21,0.07,0.21,Matches
Yasser Larouci,dz ALG,"DF,MF",23.0,39,26,2136.0,23.7,0.0,3.0,3.0,0.0,0.0,0.0,3.0,0.0,0.9,0.9,4.7,5.6,72.0,70.0,149.0,0.0,0.13,0.13,0.0,0.13,0.04,0.2,0.24,0.04,0.24,Matches
Vakoun Issouf Bayo,ci CIV,FW,27.0,41,25,2242.0,24.9,10.0,0.0,10.0,9.0,1.0,1.0,5.0,1.0,13.0,12.3,0.8,13.1,19.0,22.0,97.0,0.4,0.0,0.4,0.36,0.36,0.52,0.03,0.56,0.49,0.52,Matches
Tom Dele-Bashiru,ng NGA,MF,24.0,27,25,2064.0,22.9,4.0,0.0,4.0,1.0,3.0,3.0,0.0,0.0,3.8,1.5,0.4,1.8,14.0,71.0,19.0,0.17,0.0,0.17,0.04,0.04,0.17,0.02,0.18,0.06,0.08,Matches
Jeremy Ngakia,,DF,23.0,29,23,1883.0,20.9,1.0,0.0,1.0,1.0,0.0,0.0,5.0,0.0,1.4,1.4,0.9,2.3,44.0,70.0,90.0,0.05,0.0,0.05,0.05,0.05,0.07,0.04,0.11,0.07,0.11,Matches
Daniel Bachmann,at AUT,GK,30.0,22,22,1902.0,21.1,0.0,0.0,0.0,0.0,0.0,0.0,1.0,0.0,0.0,0.0,0.0,0.0,0.0,0.0,0.0,0.0,0.0,0.0,0.0,0.0,0.0,0.0,0.0,0.0,0.0,Matches
Ryan Andrews,eng ENG,"DF,MF",19.0,38,21,2086.0,23.2,3.0,2.0,5.0,3.0,0.0,0.0,3.0,0.0,1.1,1.1,2.2,3.2,51.0,56.0,112.0,0.13,0.09,0.22,0.13,0.22,0.05,0.09,0.14,0.05,0.14,Matches
Francisco Sierralta,cl CHI,DF,27.0,33,21,1897.0,21.1,0.0,0.0,0.0,0.0,0.0,0.0,9.0,0.0,1.7,1.7,0.8,2.5,0.0,33.0,6.0,0.0,0.0,0.0,0.0,0.0,0.08,0.04,0.12,0.08,0.12,Matches
Ryan Porteous,sct SCO,DF,25.0,22,18,1662.0,18.5,2.0,0.0,2.0,2.0,0.0,0.0,7.0,0.0,1.5,1.5,0.2,1.7,10.0,52.0,10.0,0.11,0.0,0.11,0.11,0.11,0.08,0.01,0.09,0.08,0.09,Matches
James Abankwah,ie IRL,DF,20.0,19,17,1384.0,15.4,0.0,0.0,0.0,0.0,0.0,0.0,4.0,1.0,0.1,0.1,0.3,0.4,21.0,55.0,9.0,0.0,0.0,0.0,0.0,0.0,0.01,0.02,0.02,0.01,0.02,Matches
Kwadwo Baah,eng ENG,"MF,FW",21.0,27,16,1459.0,16.2,4.0,3.0,7.0,4.0,0.0,0.0,5.0,1.0,3.2,3.2,2.9,6.1,80.0,17.0,105.0,0.25,0.19,0.43,0.25,0.43,0.2,0.18,0.38,0.2,0.38,Matches
Egil Selvik,no NOR,GK,27.0,16,16,1440.0,16.0,0.0,0.0,0.0,0.0,0.0,0.0,2.0,0.0,0.0,0.0,0.0,0.0,0.0,1.0,0.0,0.0,0.0,0.0,0.0,0.0,0.0,0.0,0.0,0.0,0.0,Matches
Rocco Vata,ie IRL,"FW,MF",19.0,33,15,1536.0,17.1,3.0,4.0,7.0,3.0,0.0,0.0,0.0,0.0,2.9,2.9,2.0,4.8,47.0,31.0,89.0,0.18,0.23,0.41,0.18,0.41,0.17,0.12,0.28,0.17,0.28,Matches
Tom Ince,eng ENG,"MF,FW",32.0,32,13,1289.0,14.3,1.0,1.0,2.0,0.0,1.0,1.0,1.0,0.0,2.5,1.7,2.3,4.0,23.0,42.0,29.0,0.07,0.07,0.14,0.0,0.07,0.17,0.16,0.33,0.12,0.28,Matches
James Morris,eng ENG,DF,22.0,18,13,1086.0,12.1,0.0,0.0,0.0,0.0,0.0,0.0,3.0,0.0,0.0,0.0,0.1,0.1,2.0,49.0,5.0,0.0,0.0,0.0,0.0,0.0,0.0,0.01,0.01,0.0,0.01,Matches
Mamadou Doumbia,ml MLI,FW,18.0,19,12,968.0,10.8,2.0,0.0,2.0,2.0,0.0,0.0,2.0,0.0,2.2,2.2,0.3,2.5,8.0,7.0,46.0,0.19,0.0,0.19,0.19,0.19,0.2,0.03,0.23,0.2,0.23,Matches
Jonathan Bond,eng ENG,GK,31.0,9,8,798.0,8.9,0.0,0.0,0.0,0.0,0.0,0.0,0.0,0.0,0.0,0.0,0.0,0.0,0.0,0.0,0.0,0.0,0.0,0.0,0.0,0.0,0.0,0.0,0.0,0.0,0.0,Matches
Caleb Wiley,us USA,"DF,MF",19.0,10,8,722.0,8.0,0.0,1.0,1.0,0.0,0.0,0.0,0.0,0.0,0.1,0.1,0.5,0.7,20.0,25.0,40.0,0.0,0.12,0.12,0.0,0.12,0.02,0.07,0.08,0.02,0.08,Matches
Festy Ebosele,ie IRL,"DF,MF",21.0,18,7,757.0,8.4,1.0,1.0,2.0,1.0,0.0,0.0,7.0,0.0,0.4,0.4,1.7,2.1,30.0,28.0,45.0,0.12,0.12,0.24,0.12,0.24,0.04,0.2,0.25,0.04,0.25,Matches
Pierre Dwomoh,be BEL,MF,20.0,9,6,530.0,5.9,0.0,0.0,0.0,0.0,0.0,0.0,1.0,0.0,0.5,0.5,0.2,0.8,8.0,20.0,7.0,0.0,0.0,0.0,0.0,0.0,0.09,0.04,0.13,0.09,0.13,Matches
Angelo Ogbonna,it ITA,DF,36.0,6,5,398.0,4.4,0.0,0.0,0.0,0.0,0.0,0.0,0.0,0.0,0.0,0.0,0.0,0.0,0.0,4.0,0.0,0.0,0.0,0.0,0.0,0.0,0.0,0.0,0.0,0.0,0.0,Matches
Ken Sema,se SWE,"DF,MF",30.0,14,4,521.0,5.8,0.0,1.0,1.0,0.0,0.0,0.0,0.0,0.0,0.2,0.2,0.4,0.6,13.0,21.0,39.0,0.0,0.17,0.17,0.0,0.17,0.04,0.06,0.1,0.04,0.1,Matches
Daniel Jebbison,eng ENG,FW,20.0,13,3,387.0,4.3,0.0,0.0,0.0,0.0,0.0,0.0,2.0,0.0,1.6,1.6,0.2,1.9,5.0,4.0,21.0,0.0,0.0,0.0,0.0,0.0,0.38,0.05,0.43,0.38,0.43,Matches
Kévin Keben Biakolo,cm CMR,DF,20.0,6,3,256.0,2.8,0.0,0.0,0.0,0.0,0.0,0.0,0.0,1.0,0.0,0.0,0.0,0.0,2.0,2.0,0.0,0.0,0.0,0.0,0.0,0.0,0.0,0.0,0.0,0.0,0.0,Matches
Zavier Massiah,eng ENG,FW,17.0,4,0,58.0,0.6,0.0,0.0,0.0,0.0,0.0,0.0,0.0,0.0,0.0,0.0,0.0,0.0,0.0,0.0,3.0,0.0,0.0,0.0,0.0,0.0,0.0,0.04,0.04,0.0,0.04,Matches
Mileta Rajovic,dk DEN,FW,25.0,3,0,46.0,0.5,1.0,0.0,1.0,1.0,0.0,0.0,2.0,0.0,0.8,0.8,0.0,0.8,0.0,0.0,2.0,1.96,0.0,1.96,1.96,1.96,1.59,0.05,1.63,1.59,1.63,Matches
Amin Nabizada,eng ENG,MF,17.0,1,0,19.0,0.2,0.0,0.0,0.0,0.0,0.0,0.0,0.0,0.0,0.0,0.0,0.0,0.0,0.0,1.0,1.0,0.0,0.0,0.0,0.0,0.0,0.0,0.0,0.0,0.0,0.0,Matches
Michael Adu-Poku,eng ENG,FW,18.0,1,0,1.0,0.0,0.0,0.0,0.0,0.0,0.0,0.0,0.0,0.0,0.0,0.0,0.0,0.0,1.0,0.0,1.0,0.0,0.0,0.0,0.0,0.0,0.0,0.0,0.0,0.0,0.0,Matches
Travis Akomeah,eng ENG,DF,18.0,0,0,,,,,,,,,,,,,,,,,,,,,,,,,,,,Matches
Alfie Marriott,eng ENG,GK,20.0,0,0,,,,,,,,,,,,,,,,,,,,,,,,,,,,Matches
Jai-Dea Moulton,eng ENG,MF,16.0,0,0,,,,,,,,,,,,,,,,,,,,,,,,,,,,Matches
Leo Ramirez Espain,eng ENG,MF,17.0,0,0,,,,,,,,,,,,,,,,,,,,,,,,,,,,Matches
Myles Roberts,eng ENG,GK,22.0,0,0,,,,,,,,,,,,,,,,,,,,,,,,,,,,Matches
Amar Sanghrajka,eng ENG,MF,17.0,0,0,,,,,,,,,,,,,,,,,,,,,,,,,,,,Matches
Antonio Tikvić,hr CRO,DF,20.0,0,0,,,,,,,,,,,,,,,,,,,,,,,,,,,,Matches
Opponent Total,,,25.9,46,506,4140.0,46.0,60.0,49.0,109.0,60.0,0.0,1.0,109.0,0.0,66.3,65.5,51.1,116.6,686.0,1523.0,1508.0,1.3,1.07,2.37,1.3,2.37,1.44,1.11,2.55,1.42,2.53,
Jimmy Dunne,ie IRL,DF,26.0,45,45,4050.0,45.0,5.0,2.0,7.0,5.0,0.0,0.0,9.0,0.0,4.8,4.8,2.6,7.5,56.0,130.0,66.0,0.11,0.04,0.16,0.11,0.16,0.11,0.06,0.17,0.11,0.17,Matches
Paul Nardi,fr FRA,GK,30.0,45,45,4050.0,45.0,0.0,0.0,0.0,0.0,0.0,0.0,2.0,0.0,0.3,0.3,0.2,0.4,0.0,2.0,0.0,0.0,0.0,0.0,0.0,0.0,0.01,0.0,0.01,0.01,0.01,Matches
Sam Field,eng ENG,MF,26.0,35,35,2905.0,32.3,3.0,0.0,3.0,3.0,0.0,0.0,8.0,0.0,3.5,3.5,1.4,4.8,14.0,78.0,27.0,0.09,0.0,0.09,0.09,0.09,0.11,0.04,0.15,0.11,0.15,Matches
Kenneth Paal,sr SUR,DF,27.0,39,34,2879.0,32.0,1.0,3.0,4.0,1.0,0.0,0.0,4.0,0.0,1.4,1.4,3.1,4.5,21.0,96.0,56.0,0.03,0.09,0.13,0.03,0.13,0.05,0.1,0.14,0.05,0.14,Matches
Steve Cook,eng ENG,DF,33.0,31,31,2617.0,29.1,2.0,0.0,2.0,2.0,0.0,0.0,4.0,0.0,1.5,1.5,0.3,1.8,10.0,62.0,7.0,0.07,0.0,0.07,0.07,0.07,0.05,0.01,0.06,0.05,0.06,Matches
Paul Smyth,nir NIR,"FW,MF",26.0,43,30,2770.0,30.8,1.0,4.0,5.0,1.0,0.0,0.0,6.0,0.0,2.9,2.9,3.4,6.3,120.0,82.0,200.0,0.03,0.13,0.16,0.03,0.16,0.1,0.11,0.21,0.1,0.21,Matches
Jonathan Varane,mq MTQ,MF,22.0,39,29,2598.0,28.9,0.0,2.0,2.0,0.0,0.0,0.0,8.0,1.0,1.0,1.0,0.8,1.8,20.0,83.0,12.0,0.0,0.07,0.07,0.0,0.07,0.04,0.03,0.06,0.04,0.06,Matches
Koki Saito,jp JPN,"FW,MF",22.0,39,25,2295.0,25.5,3.0,2.0,5.0,3.0,0.0,0.0,0.0,1.0,3.4,3.4,4.2,7.6,76.0,56.0,123.0,0.12,0.08,0.2,0.12,0.2,0.13,0.17,0.3,0.13,0.3,Matches
Michael Frey,ch SUI,FW,30.0,29,21,1781.0,19.8,8.0,1.0,9.0,7.0,1.0,1.0,6.0,0.0,5.5,4.7,1.2,5.9,11.0,29.0,69.0,0.4,0.05,0.45,0.35,0.4,0.28,0.06,0.34,0.24,0.3,Matches
Ronnie Edwards,eng ENG,"DF,MF",21.0,21,20,1819.0,20.2,2.0,0.0,2.0,2.0,0.0,0.0,2.0,0.0,1.7,1.7,0.2,1.9,17.0,46.0,6.0,0.1,0.0,0.1,0.1,0.1,0.08,0.01,0.09,0.08,0.09,Matches
Nicolas Madsen,dk DEN,"MF,FW",24.0,31,20,1753.0,19.5,3.0,3.0,6.0,2.0,1.0,1.0,2.0,0.0,2.8,2.0,2.8,4.8,13.0,84.0,56.0,0.15,0.15,0.31,0.1,0.26,0.15,0.14,0.29,0.1,0.25,Matches
Ilias Chair,ma MAR,"MF,FW",26.0,28,20,1698.0,18.9,2.0,6.0,8.0,2.0,0.0,0.0,2.0,0.0,2.9,2.9,4.5,7.4,53.0,82.0,82.0,0.11,0.32,0.42,0.11,0.42,0.15,0.24,0.39,0.15,0.39,Matches
Kieran Morgan,eng ENG,MF,18.0,30,19,1586.0,17.6,1.0,2.0,3.0,1.0,0.0,0.0,5.0,0.0,0.9,0.9,1.5,2.4,12.0,66.0,41.0,0.06,0.11,0.17,0.06,0.17,0.05,0.08,0.14,0.05,0.14,Matches
Harrison Ashby,sct SCO,"DF,FW",22.0,29,17,1583.0,17.6,0.0,1.0,1.0,0.0,0.0,0.0,6.0,0.0,1.4,1.4,1.1,2.5,19.0,38.0,45.0,0.0,0.06,0.06,0.0,0.06,0.08,0.06,0.14,0.08,0.14,Matches
Jack Colback,eng ENG,MF,34.0,24,16,1449.0,16.1,1.0,1.0,2.0,1.0,0.0,0.0,8.0,1.0,0.5,0.5,0.2,0.7,3.0,40.0,18.0,0.06,0.06,0.12,0.06,0.12,0.03,0.01,0.05,0.03,0.05,Matches
Karamoko Dembélé,eng ENG,"FW,MF",21.0,23,15,1186.0,13.2,3.0,4.0,7.0,3.0,0.0,0.0,2.0,0.0,1.3,1.3,2.7,3.9,26.0,47.0,75.0,0.23,0.3,0.53,0.23,0.53,0.1,0.2,0.3,0.1,0.3,Matches
Liam Morrison,sct SCO,DF,21.0,19,14,1302.0,14.5,0.0,0.0,0.0,0.0,0.0,0.0,3.0,0.0,1.0,1.0,0.0,1.0,2.0,24.0,0.0,0.0,0.0,0.0,0.0,0.0,0.07,0.0,0.07,0.07,0.07,Matches
Lucas Andersen,dk DEN,"MF,FW",29.0,33,13,1165.0,12.9,2.0,0.0,2.0,2.0,0.0,0.0,1.0,0.0,1.8,1.8,1.8,3.7,17.0,38.0,80.0,0.15,0.0,0.15,0.15,0.15,0.14,0.14,0.28,0.14,0.28,Matches
Morgan Fox,wls WAL,DF,30.0,26,12,1344.0,14.9,1.0,0.0,1.0,1.0,0.0,0.0,3.0,0.0,0.6,0.6,0.4,0.9,5.0,29.0,2.0,0.07,0.0,0.07,0.07,0.07,0.04,0.02,0.06,0.04,0.06,Matches
Žan Celar,si SVN,FW,25.0,19,10,944.0,10.5,2.0,0.0,2.0,2.0,0.0,1.0,1.0,0.0,4.2,3.4,0.3,3.6,5.0,8.0,36.0,0.19,0.0,0.19,0.19,0.19,0.4,0.03,0.42,0.32,0.35,Matches
Rayan Kolli,dz ALG,FW,19.0,20,9,822.0,9.1,4.0,2.0,6.0,4.0,0.0,0.0,2.0,0.0,1.6,1.6,1.2,2.9,10.0,10.0,46.0,0.44,0.22,0.66,0.44,0.66,0.18,0.13,0.31,0.18,0.31,Matches
Jake Clarke-Salter,eng ENG,DF,26.0,11,8,753.0,8.4,0.0,0.0,0.0,0.0,0.0,0.0,3.0,0.0,0.2,0.2,0.2,0.3,1.0,23.0,0.0,0.0,0.0,0.0,0.0,0.0,0.02,0.02,0.04,0.02,0.04,Matches
Yang Minhyeok,kr KOR,"FW,MF",18.0,14,8,692.0,7.7,2.0,1.0,3.0,2.0,0.0,0.0,1.0,0.0,1.7,1.7,0.8,2.5,19.0,11.0,54.0,0.26,0.13,0.39,0.26,0.39,0.22,0.11,0.33,0.22,0.33,Matches
Alfie Lloyd,eng ENG,"FW,MF",21.0,27,4,747.0,8.3,2.0,0.0,2.0,2.0,0.0,0.0,4.0,0.0,1.4,1.4,0.9,2.3,21.0,11.0,51.0,0.24,0.0,0.24,0.24,0.24,0.17,0.11,0.28,0.17,0.28,Matches
Hevertton Santos,br BRA,DF,23.0,6,4,319.0,3.5,0.0,0.0,0.0,0.0,0.0,0.0,1.0,0.0,0.1,0.1,0.0,0.1,3.0,23.0,13.0,0.0,0.0,0.0,0.0,0.0,0.02,0.0,0.02,0.02,0.02,Matches
Daniel Bennie,au AUS,"FW,MF",18.0,12,1,216.0,2.4,0.0,0.0,0.0,0.0,0.0,0.0,1.0,0.0,0.2,0.2,0.1,0.3,3.0,9.0,10.0,0.0,0.0,0.0,0.0,0.0,0.09,0.03,0.12,0.09,0.12,Matches
Joe Walsh,eng ENG,GK,22.0,1,1,90.0,1.0,0.0,0.0,0.0,0.0,0.0,0.0,0.0,0.0,0.0,0.0,0.0,0.0,0.0,0.0,0.0,0.0,0.0,0.0,0.0,0.0,0.0,0.0,0.0,0.0,0.0,Matches
Emmerson Sutton,eng ENG,FW,17.0,2,0,56.0,0.6,0.0,0.0,0.0,0.0,0.0,0.0,0.0,0.0,0.1,0.1,0.0,0.1,3.0,2.0,8.0,0.0,0.0,0.0,0.0,0.0,0.13,0.0,0.13,0.13,0.13,Matches
Elijah Dixon-Bonner,eng ENG,"MF,FW",23.0,3,0,10.0,0.1,0.0,0.0,0.0,0.0,0.0,0.0,1.0,0.0,0.0,0.0,0.0,0.0,0.0,1.0,1.0,0.0,0.0,0.0,0.0,0.0,0.0,0.0,0.0,0.0,0.0,Matches
Lyndon Dykes,sct SCO,FW,28.0,1,0,6.0,0.1,1.0,0.0,1.0,1.0,0.0,0.0,0.0,0.0,0.1,0.1,0.0,0.1,0.0,0.0,0.0,15.0,0.0,15.0,15.0,15.0,1.53,0.0,1.53,1.53,1.53,Matches
Alex Aoraha,iq IRQ,MF,21.0,0,0,,,,,,,,,,,,,,,,,,,,,,,,,,,,Matches
Esquerdinha,br BRA,DF,18.0,0,0,,,,,,,,,,,,,,,,,,,,,,,,,,,,Matches
Harry Murphy,eng ENG,MF,20.0,0,0,,,,,,,,,,,,,,,,,,,,,,,,,,,,Matches
Kieran Petrie,eng ENG,FW,19.0,0,0,,,,,,,,,,,,,,,,,,,,,,,,,,,,Matches
Nathan Shepperd,wls WAL,GK,23.0,0,0,,,,,,,,,,,,,,,,,,,,,,,,,,,,Matches
Lorent Talla,xk KVX,MF,19.0,0,0,,,,,,,,,,,,,,,,,,,,,,,,,,,,Matches
Opponent Total,,,25.9,46,506,4140.0,46.0,60.0,41.0,101.0,57.0,3.0,3.0,80.0,5.0,54.2,51.8,38.5,90.4,704.0,1790.0,1775.0,1.3,0.89,2.2,1.24,2.13,1.18,0.84,2.02,1.13,1.96,
Connor Ogilvie,eng ENG,DF,28.0,45,45,4028.0,44.8,4.0,1.0,5.0,4.0,0.0,0.0,5.0,0.0,4.4,4.4,1.8,6.3,29.0,147.0,63.0,0.09,0.02,0.11,0.09,0.11,0.1,0.04,0.14,0.1,0.14,Matches
Josh Murphy,eng ENG,FW,29.0,42,40,3426.0,38.1,7.0,14.0,21.0,7.0,0.0,0.0,6.0,0.0,5.0,5.0,10.6,15.6,163.0,81.0,243.0,0.18,0.37,0.55,0.18,0.55,0.13,0.28,0.41,0.13,0.41,Matches
Nicolas Schmid,at AUT,GK,27.0,35,35,3090.0,34.3,0.0,2.0,2.0,0.0,0.0,0.0,1.0,0.0,0.0,0.0,0.5,0.5,0.0,2.0,0.0,0.0,0.06,0.06,0.0,0.06,0.0,0.01,0.01,0.0,0.01,Matches
Freddie Potts,eng ENG,MF,20.0,37,35,3057.0,34.0,1.0,4.0,5.0,1.0,0.0,0.0,7.0,0.0,1.4,1.4,3.4,4.8,21.0,143.0,35.0,0.03,0.12,0.15,0.03,0.15,0.04,0.1,0.14,0.04,0.14,Matches
Andre Dozzell,eng ENG,MF,25.0,39,32,2817.0,31.3,2.0,1.0,3.0,2.0,0.0,0.0,11.0,0.0,2.5,2.5,1.6,4.1,8.0,85.0,33.0,0.06,0.03,0.1,0.06,0.1,0.08,0.05,0.13,0.08,0.13,Matches
Colby Bishop,eng ENG,FW,27.0,32,31,2629.0,29.2,11.0,3.0,14.0,8.0,3.0,4.0,3.0,0.0,13.8,10.7,1.9,12.6,8.0,49.0,117.0,0.38,0.1,0.48,0.27,0.38,0.47,0.07,0.54,0.37,0.43,Matches
Marlon Pack,eng ENG,"DF,MF",33.0,41,30,2712.0,30.1,0.0,2.0,2.0,0.0,0.0,0.0,8.0,1.0,0.9,0.9,1.3,2.3,11.0,125.0,15.0,0.0,0.07,0.07,0.0,0.07,0.03,0.04,0.08,0.03,0.08,Matches
Callum Lang,eng ENG,"MF,FW",25.0,32,28,2438.0,27.1,10.0,2.0,12.0,8.0,2.0,2.0,9.0,0.0,9.7,8.1,2.2,10.3,56.0,59.0,138.0,0.37,0.07,0.44,0.3,0.37,0.36,0.08,0.44,0.3,0.38,Matches
Matt Ritchie,sct SCO,FW,34.0,39,28,2190.0,24.3,5.0,1.0,6.0,5.0,0.0,0.0,7.0,0.0,4.6,4.6,3.4,8.1,22.0,68.0,131.0,0.21,0.04,0.25,0.21,0.25,0.19,0.14,0.33,0.19,0.33,Matches
Regan Poole,wls WAL,DF,26.0,27,23,2144.0,23.8,1.0,0.0,1.0,1.0,0.0,0.0,5.0,0.0,1.0,1.0,0.0,1.1,3.0,46.0,6.0,0.04,0.0,0.04,0.04,0.04,0.04,0.0,0.05,0.04,0.05,Matches
Zak Swanson,eng ENG,DF,23.0,30,23,1972.0,21.9,1.0,1.0,2.0,1.0,0.0,0.0,5.0,0.0,0.4,0.4,0.9,1.3,23.0,65.0,47.0,0.05,0.05,0.09,0.05,0.09,0.02,0.04,0.06,0.02,0.06,Matches
Jordan Williams,eng ENG,DF,24.0,20,15,1265.0,14.1,0.0,0.0,0.0,0.0,0.0,0.0,6.0,0.0,0.0,0.0,0.2,0.2,20.0,35.0,29.0,0.0,0.0,0.0,0.0,0.0,0.0,0.01,0.01,0.0,0.01,Matches
Terry Devlin,nir NIR,"DF,MF",20.0,34,13,1562.0,17.4,0.0,1.0,1.0,0.0,0.0,0.0,2.0,0.0,0.3,0.3,0.8,1.1,15.0,47.0,33.0,0.0,0.06,0.06,0.0,0.06,0.02,0.04,0.06,0.02,0.06,Matches
Robert Atkinson,eng ENG,DF,26.0,14,13,1098.0,12.2,2.0,1.0,3.0,2.0,0.0,0.0,4.0,0.0,0.5,0.5,1.0,1.6,9.0,39.0,1.0,0.16,0.08,0.25,0.16,0.25,0.05,0.08,0.13,0.05,0.13,Matches
Paddy Lane,nir NIR,"MF,FW",23.0,22,13,1074.0,11.9,1.0,1.0,2.0,1.0,0.0,0.0,2.0,0.0,1.1,1.1,1.4,2.5,16.0,25.0,51.0,0.08,0.08,0.17,0.08,0.17,0.09,0.12,0.21,0.09,0.21,Matches
Isaac Hayden,eng ENG,MF,29.0,17,12,936.0,10.4,0.0,0.0,0.0,0.0,0.0,0.0,2.0,0.0,0.5,0.5,0.0,0.5,2.0,22.0,19.0,0.0,0.0,0.0,0.0,0.0,0.05,0.0,0.05,0.05,0.05,Matches
Tom McIntyre,sct SCO,DF,25.0,12,11,1019.0,11.3,0.0,0.0,0.0,0.0,0.0,0.0,3.0,0.0,0.4,0.4,0.2,0.6,6.0,22.0,3.0,0.0,0.0,0.0,0.0,0.0,0.03,0.02,0.05,0.03,0.05,Matches
Christian Saydee,lr LBR,"MF,FW",22.0,29,10,1152.0,12.8,3.0,0.0,3.0,3.0,0.0,0.0,5.0,0.0,2.1,2.1,1.1,3.1,17.0,32.0,49.0,0.23,0.0,0.23,0.23,0.23,0.16,0.08,0.24,0.16,0.24,Matches
Ryley Towler,eng ENG,DF,23.0,12,10,936.0,10.4,1.0,0.0,1.0,1.0,0.0,0.0,3.0,0.0,0.1,0.1,0.0,0.1,3.0,30.0,1.0,0.1,0.0,0.1,0.1,0.1,0.01,0.0,0.01,0.01,0.01,Matches
Adil Aouchiche,fr FRA,"MF,FW",22.0,12,9,683.0,7.6,1.0,1.0,2.0,1.0,0.0,0.0,2.0,0.0,1.2,1.2,0.4,1.6,14.0,18.0,41.0,0.13,0.13,0.26,0.13,0.26,0.16,0.05,0.21,0.16,0.21,Matches
Will Norris,eng ENG,GK,30.0,8,8,720.0,8.0,0.0,0.0,0.0,0.0,0.0,0.0,2.0,0.0,0.0,0.0,0.0,0.0,0.0,0.0,0.0,0.0,0.0,0.0,0.0,0.0,0.0,0.0,0.0,0.0,0.0,Matches
Conor Shaughnessy,ie IRL,DF,28.0,9,7,512.0,5.7,1.0,0.0,1.0,1.0,0.0,0.0,2.0,0.0,0.6,0.6,0.1,0.8,2.0,21.0,2.0,0.18,0.0,0.18,0.18,0.18,0.11,0.03,0.13,0.11,0.13,Matches
Mark O'Mahony,ie IRL,FW,19.0,13,5,595.0,6.6,3.0,0.0,3.0,3.0,0.0,0.0,1.0,0.0,1.9,1.9,0.2,2.1,2.0,5.0,20.0,0.45,0.0,0.45,0.45,0.45,0.29,0.02,0.31,0.29,0.31,Matches
Sam Silvera,au AUS,"FW,MF",23.0,11,5,446.0,5.0,0.0,0.0,0.0,0.0,0.0,0.0,0.0,0.0,0.2,0.2,0.5,0.7,17.0,8.0,37.0,0.0,0.0,0.0,0.0,0.0,0.04,0.11,0.14,0.04,0.14,Matches
Kusini Yengi,au AUS,"FW,MF",25.0,14,4,538.0,6.0,0.0,0.0,0.0,0.0,0.0,0.0,2.0,0.0,0.5,0.5,1.0,1.5,5.0,2.0,29.0,0.0,0.0,0.0,0.0,0.0,0.09,0.17,0.26,0.09,0.26,Matches
Cohen Bramall,eng ENG,"DF,FW",28.0,12,4,460.0,5.1,0.0,0.0,0.0,0.0,0.0,0.0,2.0,0.0,0.1,0.1,0.5,0.6,15.0,16.0,15.0,0.0,0.0,0.0,0.0,0.0,0.03,0.09,0.12,0.03,0.12,Matches
Elias Sørensen,dk DEN,"FW,MF",24.0,12,4,322.0,3.6,1.0,0.0,1.0,1.0,0.0,1.0,0.0,0.0,1.5,0.8,0.0,0.8,0.0,3.0,16.0,0.28,0.0,0.28,0.28,0.28,0.43,0.01,0.44,0.21,0.22,Matches
Hayden Matthews,au AUS,DF,20.0,6,3,318.0,3.5,0.0,0.0,0.0,0.0,0.0,0.0,0.0,0.0,0.0,0.0,0.0,0.0,3.0,14.0,1.0,0.0,0.0,0.0,0.0,0.0,0.0,0.0,0.0,0.0,0.0,Matches
Harvey Blair,eng ENG,FW,20.0,12,3,294.0,3.3,1.0,0.0,1.0,1.0,0.0,0.0,3.0,0.0,0.4,0.4,0.0,0.5,7.0,1.0,13.0,0.31,0.0,0.31,0.31,0.31,0.13,0.02,0.14,0.13,0.14,Matches
Owen Moxon,eng ENG,MF,26.0,12,2,275.0,3.1,0.0,0.0,0.0,0.0,0.0,0.0,3.0,0.0,0.2,0.2,0.1,0.3,0.0,14.0,5.0,0.0,0.0,0.0,0.0,0.0,0.05,0.04,0.09,0.05,0.09,Matches
Ben Killip,eng ENG,GK,28.0,2,2,180.0,2.0,0.0,0.0,0.0,0.0,0.0,0.0,0.0,0.0,0.0,0.0,0.0,0.0,0.0,1.0,0.0,0.0,0.0,0.0,0.0,0.0,0.0,0.0,0.0,0.0,0.0,Matches
Jordan Archer,sct SCO,GK,31.0,2,1,150.0,1.7,0.0,0.0,0.0,0.0,0.0,0.0,0.0,0.0,0.0,0.0,0.0,0.0,0.0,0.0,0.0,0.0,0.0,0.0,0.0,0.0,0.0,0.0,0.0,0.0,0.0,Matches
Thomas Waddingham,au AUS,FW,19.0,5,1,103.0,1.1,1.0,0.0,1.0,1.0,0.0,0.0,1.0,0.0,1.0,1.0,0.1,1.1,0.0,0.0,3.0,0.87,0.0,0.87,0.87,0.87,0.86,0.06,0.92,0.86,0.92,Matches
Jacob Farrell,au AUS,DF,21.0,1,1,90.0,1.0,0.0,0.0,0.0,0.0,0.0,0.0,0.0,0.0,0.1,0.1,0.0,0.1,2.0,1.0,4.0,0.0,0.0,0.0,0.0,0.0,0.1,0.0,0.1,0.1,0.1,Matches
Kaide Gordon,eng ENG,"FW,MF",19.0,5,0,154.0,1.7,0.0,0.0,0.0,0.0,0.0,0.0,0.0,0.0,0.0,0.0,0.0,0.0,3.0,5.0,13.0,0.0,0.0,0.0,0.0,0.0,0.01,0.0,0.01,0.01,0.01,Matches
Abdoulaye Kamara,gn GUI,"MF,FW",19.0,5,0,124.0,1.4,0.0,0.0,0.0,0.0,0.0,0.0,1.0,0.0,0.0,0.0,0.0,0.0,2.0,9.0,3.0,0.0,0.0,0.0,0.0,0.0,0.0,0.01,0.01,0.0,0.01,Matches
Ben Stevenson,eng ENG,MF,27.0,1,0,7.0,0.1,0.0,0.0,0.0,0.0,0.0,0.0,0.0,0.0,0.0,0.0,0.0,0.0,0.0,1.0,0.0,0.0,0.0,0.0,0.0,0.0,0.0,0.0,0.0,0.0,0.0,Matches
Michael Ani,,DF,,0,0,,,,,,,,,,,,,,,,,,,,,,,,,,,,Matches
Ibane Bowat,sct SCO,DF,21.0,0,0,,,,,,,,,,,,,,,,,,,,,,,,,,,,Matches
Harry Clout,,,,0,0,,,,,,,,,,,,,,,,,,,,,,,,,,,,Matches
Tom Lowery,eng ENG,MF,26.0,0,0,,,,,,,,,,,,,,,,,,,,,,,,,,,,Matches
Alexander Milošević,se SWE,"DF,MF",32.0,0,0,,,,,,,,,,,,,,,,,,,,,,,,,,,,Matches
Toby Steward,eng ENG,GK,19.0,0,0,,,,,,,,,,,,,,,,,,,,,,,,,,,,Matches
Gavin Whyte,nir NIR,"FW,MF",28.0,0,0,,,,,,,,,,,,,,,,,,,,,,,,,,,,Matches
Opponent Total,,,25.9,46,506,4140.0,46.0,66.0,51.0,117.0,62.0,4.0,4.0,81.0,5.0,68.8,65.7,54.8,120.5,743.0,1461.0,1444.0,1.43,1.11,2.54,1.35,2.46,1.5,1.19,2.69,1.43,2.62,
Jamie Cumming,eng ENG,GK,24.0,45,45,4050.0,45.0,0.0,0.0,0.0,0.0,0.0,0.0,1.0,0.0,0.0,0.0,0.0,0.0,0.0,0.0,0.0,0.0,0.0,0.0,0.0,0.0,0.0,0.0,0.0,0.0,0.0,Matches
Ciaron Brown,nir NIR,DF,26.0,41,41,3611.0,40.1,4.0,3.0,7.0,4.0,0.0,0.0,6.0,0.0,1.9,1.9,1.6,3.5,30.0,90.0,20.0,0.1,0.07,0.17,0.1,0.17,0.05,0.04,0.09,0.05,0.09,Matches
Will Vaulks,wls WAL,MF,30.0,44,38,3339.0,37.1,1.0,2.0,3.0,1.0,0.0,0.0,4.0,0.0,1.0,1.0,2.3,3.3,9.0,142.0,20.0,0.03,0.05,0.08,0.03,0.08,0.03,0.06,0.09,0.03,0.09,Matches
Mark Harris,wls WAL,FW,25.0,46,34,2893.0,32.1,6.0,3.0,9.0,6.0,0.0,0.0,3.0,0.0,7.4,7.4,1.1,8.5,19.0,22.0,102.0,0.19,0.09,0.28,0.19,0.28,0.23,0.03,0.27,0.23,0.27,Matches
Tyler Goodhram,eng ENG,"MF,FW",20.0,41,33,3052.0,33.9,3.0,6.0,9.0,3.0,0.0,0.0,5.0,0.0,2.6,2.6,3.2,5.8,53.0,80.0,121.0,0.09,0.18,0.27,0.09,0.27,0.08,0.09,0.17,0.08,0.17,Matches
Cameron Brannagan,eng ENG,MF,28.0,33,33,2900.0,32.2,3.0,4.0,7.0,3.0,0.0,0.0,10.0,0.0,1.7,1.7,2.3,4.0,20.0,100.0,29.0,0.09,0.12,0.22,0.09,0.22,0.05,0.07,0.13,0.05,0.13,Matches
Ruben Rodrigues,pt POR,"MF,FW",27.0,39,28,2251.0,25.0,4.0,3.0,7.0,4.0,0.0,0.0,3.0,0.0,5.0,5.0,4.5,9.5,31.0,74.0,75.0,0.16,0.12,0.28,0.16,0.28,0.2,0.18,0.38,0.2,0.38,Matches
Przemysław Płacheta,pl POL,"FW,MF",26.0,32,27,2073.0,23.0,3.0,3.0,6.0,3.0,0.0,0.0,4.0,0.0,3.7,3.7,2.9,6.6,57.0,37.0,150.0,0.13,0.13,0.26,0.13,0.26,0.16,0.13,0.29,0.16,0.29,Matches
Peter Kioso,cd COD,DF,25.0,30,26,2302.0,25.6,0.0,1.0,1.0,0.0,0.0,0.0,6.0,0.0,0.6,0.6,0.4,0.9,21.0,74.0,38.0,0.0,0.04,0.04,0.0,0.04,0.02,0.01,0.04,0.02,0.04,Matches
Greg Leigh,jm JAM,DF,29.0,34,24,2338.0,26.0,6.0,1.0,7.0,6.0,0.0,0.0,1.0,0.0,3.2,3.2,2.0,5.2,31.0,73.0,76.0,0.23,0.04,0.27,0.23,0.27,0.12,0.08,0.2,0.12,0.2,Matches
Elliott Moore,eng ENG,DF,27.0,26,24,2057.0,22.9,1.0,2.0,3.0,1.0,0.0,0.0,7.0,0.0,0.4,0.4,0.7,1.2,0.0,18.0,2.0,0.04,0.09,0.13,0.04,0.13,0.02,0.03,0.05,0.02,0.05,Matches
Michał Helik,pl POL,DF,28.0,20,20,1800.0,20.0,5.0,0.0,5.0,5.0,0.0,0.0,4.0,0.0,3.1,3.1,0.5,3.5,3.0,24.0,8.0,0.25,0.0,0.25,0.25,0.25,0.15,0.02,0.18,0.15,0.18,Matches
Sam Long,eng ENG,DF,29.0,24,18,1657.0,18.4,1.0,1.0,2.0,1.0,0.0,0.0,2.0,0.0,0.9,0.9,0.7,1.6,10.0,43.0,10.0,0.05,0.05,0.11,0.05,0.11,0.05,0.04,0.09,0.05,0.09,Matches
Benjamin Nelson,eng ENG,DF,20.0,17,16,1372.0,15.2,1.0,0.0,1.0,1.0,0.0,0.0,1.0,0.0,0.4,0.4,0.1,0.5,2.0,20.0,1.0,0.07,0.0,0.07,0.07,0.07,0.02,0.01,0.03,0.02,0.03,Matches
Siriki Dembélé,ci CIV,"FW,MF",27.0,25,15,1371.0,15.2,2.0,1.0,3.0,2.0,0.0,0.0,2.0,0.0,2.5,2.5,2.2,4.7,42.0,33.0,68.0,0.13,0.07,0.2,0.13,0.2,0.16,0.14,0.31,0.16,0.31,Matches
Idris El Mizouni,tn TUN,MF,23.0,28,12,1244.0,13.8,1.0,2.0,3.0,1.0,0.0,0.0,2.0,0.0,1.8,1.8,1.2,3.0,28.0,48.0,41.0,0.07,0.14,0.22,0.07,0.22,0.13,0.08,0.22,0.13,0.22,Matches
Hidde ter Avest,nl NED,DF,27.0,21,10,997.0,11.1,1.0,0.0,1.0,1.0,0.0,0.0,1.0,0.0,0.7,0.7,0.3,1.0,8.0,30.0,30.0,0.09,0.0,0.09,0.09,0.09,0.06,0.03,0.09,0.06,0.09,Matches
Matt Phillips,sct SCO,"FW,MF",33.0,28,10,955.0,10.6,0.0,2.0,2.0,0.0,0.0,0.0,2.0,0.0,1.0,1.0,1.3,2.3,25.0,16.0,46.0,0.0,0.19,0.19,0.0,0.19,0.09,0.13,0.22,0.09,0.22,Matches
Alex Matos,eng ENG,MF,19.0,20,10,933.0,10.4,0.0,0.0,0.0,0.0,0.0,0.0,5.0,0.0,0.1,0.1,0.2,0.4,12.0,18.0,22.0,0.0,0.0,0.0,0.0,0.0,0.01,0.02,0.04,0.01,0.04,Matches
Joe Bennett,eng ENG,DF,34.0,12,8,744.0,8.3,0.0,0.0,0.0,0.0,0.0,0.0,1.0,0.0,0.0,0.0,0.1,0.1,2.0,21.0,6.0,0.0,0.0,0.0,0.0,0.0,0.0,0.01,0.01,0.0,0.01,Matches
Dane Scarlett,eng ENG,FW,20.0,20,7,792.0,8.8,4.0,0.0,4.0,4.0,0.0,0.0,1.0,0.0,0.8,0.8,0.5,1.3,7.0,8.0,38.0,0.45,0.0,0.45,0.45,0.45,0.1,0.05,0.15,0.1,0.15,Matches
Ole Romeny,id IDN,"FW,MF",24.0,14,7,591.0,6.6,1.0,0.0,1.0,1.0,0.0,0.0,2.0,0.0,1.4,1.4,0.7,2.1,10.0,9.0,20.0,0.15,0.0,0.15,0.15,0.15,0.21,0.11,0.32,0.21,0.32,Matches
Josh McEachran,eng ENG,MF,31.0,12,6,508.0,5.6,0.0,1.0,1.0,0.0,0.0,0.0,1.0,0.0,0.1,0.1,1.0,1.1,2.0,8.0,1.0,0.0,0.18,0.18,0.0,0.18,0.01,0.18,0.19,0.01,0.19,Matches
Tom Bradshaw,wls WAL,FW,32.0,11,4,359.0,4.0,0.0,0.0,0.0,0.0,0.0,0.0,1.0,0.0,0.8,0.8,0.1,0.9,2.0,4.0,10.0,0.0,0.0,0.0,0.0,0.0,0.2,0.02,0.22,0.2,0.22,Matches
Owen Dale,eng ENG,"MF,FW",25.0,11,4,350.0,3.9,0.0,0.0,0.0,0.0,0.0,0.0,0.0,0.0,0.5,0.5,0.8,1.2,12.0,9.0,27.0,0.0,0.0,0.0,0.0,0.0,0.12,0.2,0.32,0.12,0.32,Matches
Stanley Mills,eng ENG,"FW,MF",20.0,11,3,355.0,3.9,1.0,0.0,1.0,1.0,0.0,0.0,2.0,0.0,1.0,1.0,0.7,1.6,8.0,14.0,23.0,0.25,0.0,0.25,0.25,0.25,0.24,0.17,0.41,0.24,0.41,Matches
Kyle Edwards,eng ENG,"MF,FW",26.0,7,1,199.0,2.2,0.0,1.0,1.0,0.0,0.0,0.0,0.0,0.0,0.0,0.0,0.7,0.8,19.0,10.0,20.0,0.0,0.45,0.45,0.0,0.45,0.02,0.32,0.34,0.02,0.34,Matches
Louie Sibley,eng ENG,MF,22.0,11,1,170.0,1.9,1.0,0.0,1.0,1.0,0.0,0.0,3.0,0.0,0.2,0.2,0.0,0.2,3.0,1.0,5.0,0.53,0.0,0.53,0.53,0.53,0.11,0.01,0.12,0.11,0.12,Matches
Matt Ingram,eng ENG,GK,30.0,1,1,90.0,1.0,0.0,0.0,0.0,0.0,0.0,0.0,0.0,0.0,0.0,0.0,0.0,0.0,0.0,0.0,0.0,0.0,0.0,0.0,0.0,0.0,0.0,0.0,0.0,0.0,0.0,Matches
Jordan Thorniley,eng ENG,DF,27.0,2,0,81.0,0.9,0.0,0.0,0.0,0.0,0.0,0.0,0.0,0.0,0.2,0.2,0.0,0.2,0.0,1.0,0.0,0.0,0.0,0.0,0.0,0.0,0.19,0.0,0.19,0.19,0.19,Matches
Malcolm Ebiowei,eng ENG,MF,20.0,4,0,68.0,0.8,0.0,0.0,0.0,0.0,0.0,0.0,1.0,0.0,0.3,0.3,0.1,0.4,4.0,5.0,7.0,0.0,0.0,0.0,0.0,0.0,0.36,0.18,0.54,0.36,0.54,Matches
Will Goodwin,eng ENG,"FW,MF",22.0,3,0,23.0,0.3,0.0,0.0,0.0,0.0,0.0,0.0,0.0,0.0,0.0,0.0,0.4,0.4,0.0,0.0,1.0,0.0,0.0,0.0,0.0,0.0,0.0,1.43,1.43,0.0,1.43,Matches
Marselino Ferdinan,id IDN,MF,19.0,1,0,14.0,0.2,0.0,0.0,0.0,0.0,0.0,0.0,0.0,0.0,0.0,0.0,0.0,0.0,0.0,0.0,0.0,0.0,0.0,0.0,0.0,0.0,0.0,0.0,0.0,0.0,0.0,Matches
Gatlin O'Donkor,eng ENG,FW,,1,0,1.0,0.0,0.0,0.0,0.0,0.0,0.0,0.0,0.0,0.0,0.0,0.0,0.0,0.0,0.0,0.0,0.0,0.0,0.0,0.0,0.0,0.0,0.0,0.0,0.0,0.0,0.0,Matches
James Golding,ie IRL,DF,19.0,0,0,,,,,,,,,,,,,,,,,,,,,,,,,,,,Matches
Opponent Total,,,25.8,46,506,4140.0,46.0,63.0,51.0,114.0,61.0,2.0,4.0,90.0,6.0,66.3,63.3,49.8,113.1,834.0,1880.0,1858.0,1.37,1.11,2.48,1.33,2.43,1.44,1.08,2.52,1.38,2.46,
